"","anger","anticipation","disgust","fear","joy","sadness","surprise","trust","negative","positive","score"
"1",1,7,1,3,9,3,3,11,6,24,18
"2",0,0,1,0,0,0,0,0,1,0,-1
"3",3,14,1,2,9,3,1,13,6,22,16
"4",2,10,2,1,9,4,3,12,4,14,10
"5",0,0,0,0,1,0,0,2,0,2,2
"6",0,1,0,0,2,0,1,2,2,2,0
"7",0,0,0,0,0,0,0,1,0,1,1
"8",0,2,0,0,3,0,0,5,0,3,3
"9",1,0,0,0,1,1,1,3,2,6,4
"10",1,3,1,0,2,2,0,4,2,11,9
"11",0,2,0,0,3,0,2,4,0,4,4
"12",1,14,1,4,15,5,2,13,4,27,23
"13",1,4,0,2,3,2,2,4,2,6,4
"14",0,3,1,1,3,0,1,2,2,5,3
"15",1,2,1,0,1,0,1,1,2,3,1
"16",1,3,1,2,3,2,2,4,6,6,0
"17",1,3,0,0,3,0,1,4,2,5,3
"18",2,10,2,1,7,3,2,13,7,18,11
"19",1,5,0,1,7,0,1,6,1,20,19
"20",1,1,0,1,1,2,0,0,3,2,-1
"21",3,14,1,3,14,8,8,15,8,26,18
"22",1,2,2,1,4,2,2,2,2,8,6
"23",0,6,0,2,3,0,2,2,2,6,4
"24",0,0,0,0,0,0,0,0,0,2,2
"25",0,0,0,0,0,0,0,0,0,1,1
"26",0,1,0,0,1,0,1,2,0,2,2
"27",0,2,0,0,6,0,2,5,1,10,9
"28",1,2,0,1,3,1,0,2,3,5,2
"29",0,7,1,0,5,0,2,5,3,9,6
"30",0,4,0,0,5,0,1,5,0,7,7
"31",0,0,0,0,0,0,0,0,0,1,1
"32",0,0,1,0,1,1,0,2,2,2,0
"33",0,1,0,0,1,0,0,2,0,4,4
"34",1,2,1,2,2,1,3,3,1,3,2
"35",1,3,0,0,3,0,1,3,3,5,2
"36",0,1,0,0,1,0,0,1,0,4,4
"37",0,6,0,1,8,1,3,7,1,15,14
"38",2,4,2,0,3,2,1,4,2,5,3
"39",0,1,0,0,2,0,0,2,1,2,1
"40",0,3,0,0,1,0,0,1,0,3,3
"41",1,2,0,1,3,0,1,3,0,9,9
"42",0,1,0,0,2,0,1,3,0,4,4
"43",1,5,0,1,4,2,2,2,2,6,4
"44",2,2,1,3,7,1,0,4,2,16,14
"45",0,3,0,0,3,0,1,3,1,6,5
"46",2,2,1,2,1,1,0,2,3,5,2
"47",0,0,1,0,2,0,0,3,1,3,2
"48",0,0,0,0,0,0,0,0,1,2,1
"49",0,1,0,0,4,0,0,3,0,6,6
"50",0,2,0,0,1,0,1,1,0,1,1
"51",1,3,0,0,2,0,0,3,1,5,4
"52",0,0,0,0,1,0,0,3,1,7,6
"53",0,0,0,1,2,0,0,2,0,3,3
"54",0,5,0,1,3,1,0,2,1,4,3
"55",1,5,2,0,1,2,2,5,2,7,5
"56",0,2,0,0,2,0,1,3,0,5,5
"57",0,2,0,0,3,0,1,3,0,6,6
"58",0,0,0,0,0,0,0,0,0,1,1
"59",0,2,0,0,0,0,0,2,0,4,4
"60",0,4,0,0,2,1,0,4,1,5,4
"61",0,1,0,0,2,0,1,3,0,2,2
"62",2,2,1,2,2,2,1,1,2,5,3
"63",0,4,0,0,1,0,1,2,0,4,4
"64",0,1,0,0,1,0,0,3,0,5,5
"65",0,2,0,0,2,0,1,5,1,5,4
"66",0,1,1,0,2,0,0,3,2,5,3
"67",2,2,0,1,0,1,0,0,2,2,0
"68",0,2,0,0,2,0,0,3,0,5,5
"69",1,4,1,1,2,1,1,2,1,6,5
"70",0,2,0,0,3,0,1,3,0,6,6
"71",1,3,0,1,3,2,1,2,2,4,2
"72",1,0,0,1,2,1,2,4,2,5,3
"73",1,0,1,0,1,0,0,1,1,3,2
"74",0,2,0,0,3,0,1,5,0,8,8
"75",0,1,0,0,1,0,1,3,0,4,4
"76",0,2,0,1,2,2,1,3,2,4,2
"77",1,2,1,1,1,2,0,2,3,3,0
"78",0,1,0,1,2,0,1,1,0,3,3
"79",0,0,0,0,1,0,0,2,0,2,2
"80",0,2,0,1,2,1,1,2,2,2,0
"81",0,4,1,0,4,1,2,3,1,4,3
"82",1,4,1,2,5,0,4,6,1,8,7
"83",0,0,0,0,0,0,0,0,1,2,1
"84",0,0,0,0,0,0,0,1,0,1,1
"85",1,1,1,1,1,1,0,1,1,2,1
"86",1,2,1,0,4,0,1,5,1,8,7
"87",0,0,0,0,0,0,0,1,0,1,1
"88",0,0,0,0,1,1,1,2,1,5,4
"89",0,2,0,0,3,0,1,3,0,7,7
"90",0,0,0,0,0,0,0,0,1,1,0
"91",0,1,0,0,1,0,0,0,0,2,2
"92",0,1,0,1,1,1,1,2,1,1,0
"93",0,0,0,0,1,0,0,1,0,2,2
"94",0,2,0,0,2,0,0,3,0,2,2
"95",0,2,0,0,2,0,1,2,0,8,8
"96",0,2,0,0,2,0,1,2,0,3,3
"97",5,2,4,5,2,3,1,1,10,4,-6
"98",0,1,0,0,1,0,0,3,0,6,6
"99",0,1,0,0,1,1,1,1,0,2,2
"100",0,1,0,0,3,1,0,4,1,5,4
"101",0,1,0,0,2,0,1,3,0,3,3
"102",0,4,0,0,2,0,1,3,0,5,5
"103",0,1,0,0,1,0,0,2,0,2,2
"104",0,2,0,1,1,0,1,1,0,5,5
"105",0,0,1,0,0,0,1,2,1,0,-1
"106",0,0,0,0,2,0,0,2,0,2,2
"107",2,3,1,1,2,1,1,3,1,5,4
"108",0,4,0,0,1,0,0,3,0,4,4
"109",0,4,0,0,4,0,1,6,0,8,8
"110",0,2,0,0,2,0,1,4,0,9,9
"111",0,0,0,0,1,0,0,1,1,4,3
"112",0,2,1,1,2,1,1,2,1,3,2
"113",1,4,1,0,3,1,2,4,1,7,6
"114",0,0,0,0,0,0,0,0,1,2,1
"115",0,3,0,0,2,0,1,1,0,3,3
"116",0,4,0,0,2,0,2,4,0,4,4
"117",1,2,0,1,2,2,1,2,3,5,2
"118",2,1,0,1,0,0,0,0,2,1,-1
"119",0,2,0,0,1,0,0,1,0,2,2
"120",0,1,0,0,0,0,0,0,0,1,1
"121",0,1,0,1,2,0,0,2,1,4,3
"122",0,0,0,0,0,0,0,1,0,2,2
"123",0,1,1,0,1,1,0,1,1,2,1
"124",1,1,1,0,1,0,1,2,1,4,3
"125",0,0,0,0,1,0,0,2,0,1,1
"126",1,3,0,1,2,1,2,3,3,4,1
"127",0,1,0,0,3,0,1,3,0,7,7
"128",0,0,0,0,0,1,0,0,0,2,2
"129",0,1,0,0,1,0,1,1,0,1,1
"130",0,1,0,2,0,1,0,1,1,1,0
"131",0,3,0,0,3,0,1,2,0,5,5
"132",0,1,0,1,2,0,1,2,1,2,1
"133",1,3,0,1,5,0,2,5,1,6,5
"134",0,4,0,1,4,1,2,5,2,6,4
"135",0,1,0,0,1,0,1,2,0,3,3
"136",0,0,0,0,0,0,0,1,1,2,1
"137",0,1,0,0,0,0,0,0,0,1,1
"138",1,2,1,0,1,0,0,1,1,1,0
"139",0,2,0,0,2,0,1,2,0,2,2
"140",0,1,0,1,1,1,1,2,2,2,0
"141",0,1,0,0,1,0,1,3,0,2,2
"142",0,2,0,0,3,0,0,3,0,7,7
"143",0,0,0,0,1,0,0,0,0,2,2
"144",1,1,0,1,1,0,2,1,1,1,0
"145",0,1,1,1,2,1,1,1,2,3,1
"146",0,1,0,0,1,0,2,1,0,6,6
"147",0,2,0,0,3,0,1,4,0,4,4
"148",0,1,0,0,1,0,1,2,0,1,1
"149",0,1,0,0,1,0,0,0,0,2,2
"150",0,0,0,0,1,0,0,1,0,4,4
"151",1,2,1,0,1,2,1,4,1,6,5
"152",0,2,0,0,1,0,0,3,0,4,4
"153",0,1,0,0,1,0,0,2,0,1,1
"154",0,0,0,0,0,0,0,0,0,1,1
"155",0,3,0,0,1,0,1,2,0,2,2
"156",0,2,0,0,1,0,0,1,0,3,3
"157",0,1,0,0,1,0,1,1,0,1,1
"158",0,0,0,0,1,0,0,6,0,6,6
"159",0,1,0,1,1,0,1,2,1,3,2
"160",0,2,0,0,1,0,1,0,0,2,2
"161",0,0,0,0,0,0,0,0,0,0,0
"162",1,1,1,1,1,1,1,1,1,1,0
"163",0,1,0,1,1,0,1,1,0,1,1
"164",0,3,0,0,2,0,1,4,0,5,5
"165",0,4,0,0,1,0,1,0,1,4,3
"166",0,2,0,0,3,0,1,3,0,5,5
"167",0,2,0,0,1,0,0,1,0,3,3
"168",0,1,0,0,1,0,0,1,0,2,2
"169",0,1,0,0,1,0,0,1,0,2,2
"170",0,0,0,0,1,1,1,4,1,4,3
"171",0,1,0,0,1,0,1,2,0,1,1
"172",0,2,0,0,1,0,1,1,0,1,1
"173",0,1,0,1,2,0,0,0,0,2,2
"174",0,0,0,1,0,1,0,2,1,1,0
"175",0,0,0,0,0,0,0,0,1,1,0
"176",0,1,0,0,1,0,1,1,1,4,3
"177",0,0,1,0,0,0,0,0,1,0,-1
"178",0,3,0,0,0,0,1,2,0,3,3
"179",0,5,0,0,4,0,2,5,0,7,7
"180",0,0,0,0,3,0,2,3,0,3,3
"181",0,1,0,0,1,0,1,3,0,3,3
"182",0,2,0,0,2,0,1,3,0,2,2
"183",1,2,1,2,2,1,0,1,1,3,2
"184",0,2,0,0,3,0,1,2,0,3,3
"185",0,1,0,0,0,0,0,0,0,0,0
"186",0,3,0,0,3,0,1,3,0,6,6
"187",0,5,0,0,3,0,1,3,0,6,6
"188",0,1,0,0,1,0,0,1,0,2,2
"189",0,0,0,0,1,0,0,1,0,3,3
"190",0,0,0,0,0,0,0,0,0,1,1
"191",0,3,0,0,3,0,2,1,0,4,4
"192",0,1,0,0,1,0,1,2,0,5,5
"193",0,1,0,0,2,0,0,2,0,5,5
"194",0,0,0,0,0,0,0,1,0,2,2
"195",1,3,1,0,3,1,1,3,1,4,3
"196",0,0,0,0,0,0,0,1,0,2,2
"197",0,2,0,0,3,0,1,2,0,6,6
"198",0,2,0,0,3,0,0,3,0,4,4
"199",0,1,0,0,2,0,2,2,1,3,2
"200",0,1,0,0,2,0,2,2,0,4,4
"201",0,0,0,0,0,0,0,0,1,1,0
"202",0,1,0,0,1,0,0,2,1,1,0
"203",0,1,0,0,2,0,2,2,1,2,1
"204",0,3,0,0,2,0,1,2,0,3,3
"205",0,2,0,1,2,1,2,3,1,6,5
"206",0,0,0,0,0,0,0,0,0,0,0
"207",0,1,0,0,2,0,1,2,0,4,4
"208",0,0,0,0,0,0,0,2,0,1,1
"209",0,1,0,0,1,0,0,2,0,2,2
"210",0,1,0,1,0,2,0,0,2,0,-2
"211",0,2,0,0,2,0,1,2,2,4,2
"212",0,1,0,0,1,0,0,1,0,2,2
"213",0,2,0,0,2,0,1,2,0,3,3
"214",0,2,0,1,1,1,1,2,1,3,2
"215",0,1,0,0,1,0,1,1,0,1,1
"216",0,4,0,0,4,0,2,3,0,6,6
"217",0,0,0,0,0,0,0,1,1,2,1
"218",0,2,0,0,1,0,0,0,0,3,3
"219",0,0,0,0,1,0,0,2,0,5,5
"220",0,2,0,0,2,0,1,3,0,4,4
"221",0,0,0,0,1,0,1,1,0,1,1
"222",0,1,0,1,1,0,0,1,0,4,4
"223",0,2,0,1,2,0,0,0,0,2,2
"224",0,2,0,0,1,0,1,1,0,2,2
"225",1,0,0,1,0,1,1,0,1,0,-1
"226",0,2,0,0,0,1,0,2,2,3,1
"227",0,1,0,0,1,0,0,1,0,3,3
"228",0,0,0,0,0,0,0,2,0,5,5
"229",1,0,0,0,0,0,0,2,1,4,3
"230",0,1,1,0,1,0,1,1,1,1,0
"231",0,2,0,0,3,0,1,3,0,5,5
"232",0,3,0,0,2,1,2,2,1,3,2
"233",0,3,0,0,1,0,0,4,0,7,7
"234",0,1,0,0,1,0,0,1,0,2,2
"235",0,0,0,1,0,0,0,0,0,2,2
"236",0,1,0,0,1,0,1,1,0,1,1
"237",1,2,1,0,1,0,1,1,1,3,2
"238",1,0,1,0,1,1,0,1,1,1,0
"239",1,2,1,0,1,1,1,1,1,1,0
"240",0,0,0,0,1,0,0,1,0,2,2
"241",0,0,1,0,0,1,0,0,1,2,1
"242",0,0,0,0,0,0,0,0,0,1,1
"243",0,2,0,0,2,0,2,3,0,5,5
"244",0,0,0,0,1,0,0,1,0,2,2
"245",0,1,0,0,2,0,2,3,0,3,3
"246",0,2,0,0,1,0,1,1,1,3,2
"247",0,1,1,0,1,0,1,2,0,2,2
"248",0,1,0,0,1,0,1,2,0,2,2
"249",0,2,0,0,2,0,0,2,0,4,4
"250",0,2,0,0,1,0,0,1,0,3,3
"251",0,3,0,1,2,0,0,2,1,3,2
"252",0,3,0,0,4,0,1,2,0,6,6
"253",0,3,0,0,2,0,1,2,0,3,3
"254",0,1,0,0,1,0,1,1,0,3,3
"255",0,0,0,0,0,0,0,1,0,1,1
"256",0,2,0,0,1,0,0,1,0,2,2
"257",1,2,1,1,1,0,1,2,1,3,2
"258",1,3,1,1,2,1,0,1,1,4,3
"259",0,0,0,0,1,0,0,1,0,3,3
"260",0,1,0,0,1,0,1,1,0,5,5
"261",1,0,1,0,0,2,0,0,3,2,-1
"262",0,3,0,0,2,0,1,3,0,4,4
"263",0,1,0,1,2,1,1,1,1,2,1
"264",0,1,0,0,0,0,0,0,0,0,0
"265",0,1,0,0,2,0,1,0,0,2,2
"266",0,1,0,0,1,0,0,1,0,1,1
"267",0,0,0,0,0,0,0,0,0,0,0
"268",0,0,0,0,0,0,0,0,0,0,0
"269",1,0,1,0,0,1,0,1,2,0,-2
"270",0,2,0,0,0,0,0,1,1,2,1
"271",1,2,0,1,1,0,0,0,2,3,1
"272",0,1,0,0,2,0,1,2,0,2,2
"273",0,1,0,0,1,0,0,2,0,5,5
"274",0,2,0,0,1,0,1,3,0,4,4
"275",0,1,0,0,1,0,1,1,0,2,2
"276",0,1,0,0,1,0,0,1,0,3,3
"277",0,0,0,0,0,0,0,1,0,1,1
"278",0,1,0,0,0,0,0,0,0,0,0
"279",0,0,0,0,1,0,0,1,0,2,2
"280",0,1,0,2,2,0,0,2,0,4,4
"281",0,0,0,0,0,1,1,2,1,2,1
"282",0,0,0,0,0,0,0,0,0,1,1
"283",0,0,0,0,3,0,0,2,0,4,4
"284",0,2,0,0,1,0,1,1,0,2,2
"285",0,0,0,0,0,0,1,1,0,0,0
"286",0,1,0,0,1,0,0,1,0,1,1
"287",0,2,0,0,2,0,0,2,0,3,3
"288",0,0,1,0,0,2,0,0,1,3,2
"289",0,1,0,0,1,0,1,1,0,2,2
"290",0,1,0,0,1,0,0,1,0,1,1
"291",0,0,0,0,0,0,0,2,0,2,2
"292",0,0,0,0,0,0,0,1,0,0,0
"293",0,0,0,0,0,0,0,0,0,3,3
"294",0,0,0,0,0,0,0,0,0,1,1
"295",0,0,0,0,0,0,0,0,0,1,1
"296",0,0,0,0,1,0,0,1,0,2,2
"297",0,0,0,0,0,0,0,0,0,0,0
"298",0,1,0,0,1,0,1,1,0,1,1
"299",0,1,0,0,1,0,1,1,0,1,1
"300",0,2,0,0,2,0,1,2,0,2,2
"301",0,0,0,1,0,0,0,1,0,3,3
"302",0,2,0,0,3,0,1,4,0,4,4
"303",0,1,0,2,1,0,0,0,0,1,1
"304",0,1,0,0,1,0,0,1,0,2,2
"305",0,1,0,0,0,0,0,2,0,3,3
"306",0,1,0,0,2,0,1,2,1,3,2
"307",0,1,0,0,2,0,1,1,0,2,2
"308",0,0,0,0,0,0,1,1,0,2,2
"309",0,0,0,0,0,0,1,0,0,1,1
"310",0,1,0,0,2,0,1,3,0,3,3
"311",0,1,0,1,1,1,1,2,1,1,0
"312",0,2,0,0,3,0,1,3,0,5,5
"313",0,1,0,1,1,1,0,2,1,3,2
"314",0,2,0,1,2,0,0,0,0,4,4
"315",1,1,0,0,1,0,1,2,1,3,2
"316",0,1,0,0,0,0,1,2,0,2,2
"317",0,1,0,0,0,0,0,1,0,1,1
"318",1,0,1,0,0,1,0,0,1,1,0
"319",0,1,0,0,1,0,0,1,0,3,3
"320",0,0,0,0,0,0,0,0,0,3,3
"321",1,1,1,1,1,1,1,3,1,3,2
"322",0,2,0,0,3,0,2,3,1,4,3
"323",0,0,0,0,0,0,0,0,0,0,0
"324",0,0,0,0,0,0,0,0,0,1,1
"325",0,1,0,0,1,0,1,1,1,3,2
"326",1,2,0,1,0,0,1,1,2,1,-1
"327",0,0,0,0,2,0,0,1,0,2,2
"328",0,1,0,0,0,0,0,0,0,2,2
"329",0,0,1,0,0,1,0,0,1,1,0
"330",0,5,0,0,3,1,2,2,0,3,3
"331",0,0,0,0,1,0,0,0,0,1,1
"332",0,0,0,0,0,0,0,0,0,0,0
"333",0,1,0,0,2,0,0,2,0,4,4
"334",0,3,0,0,3,1,3,1,0,4,4
"335",1,1,1,0,1,0,1,2,1,2,1
"336",0,0,0,0,0,0,0,2,0,2,2
"337",0,1,0,0,1,0,0,0,0,2,2
"338",0,2,0,1,1,0,1,1,0,2,2
"339",0,0,0,0,0,0,0,2,0,2,2
"340",0,0,0,0,1,0,1,2,0,2,2
"341",0,0,0,0,1,0,0,0,0,1,1
"342",0,1,0,0,1,0,1,1,0,1,1
"343",0,1,0,0,0,0,0,0,0,2,2
"344",0,2,0,0,2,0,0,2,0,3,3
"345",0,0,0,0,0,0,0,1,1,2,1
"346",0,1,0,0,1,0,1,1,0,1,1
"347",0,2,0,0,3,0,1,3,0,5,5
"348",0,0,0,0,0,0,0,0,0,0,0
"349",0,0,0,0,0,0,0,0,0,0,0
"350",0,2,0,0,2,0,1,0,0,3,3
"351",0,0,0,0,0,0,0,0,1,0,-1
"352",1,2,0,0,3,0,2,3,0,4,4
"353",0,1,1,0,1,1,1,2,0,3,3
"354",0,2,0,0,1,0,0,2,0,4,4
"355",0,0,0,0,1,0,0,0,0,2,2
"356",1,1,1,0,1,0,0,1,1,2,1
"357",0,1,0,0,1,0,1,0,1,4,3
"358",0,1,0,1,1,0,1,1,0,1,1
"359",0,0,0,0,2,0,0,2,1,3,2
"360",1,0,0,1,0,0,0,1,1,1,0
"361",0,1,0,0,2,0,1,3,0,3,3
"362",0,0,0,0,2,0,0,3,0,3,3
"363",0,0,0,0,0,0,0,0,0,2,2
"364",0,0,0,0,1,0,0,1,0,2,2
"365",0,2,0,0,1,0,1,1,0,2,2
"366",0,1,0,0,1,1,1,1,0,2,2
"367",0,1,0,0,1,0,0,1,0,2,2
"368",0,0,0,0,0,0,0,0,0,0,0
"369",0,0,0,0,0,0,0,0,0,2,2
"370",0,1,0,0,2,0,0,2,0,3,3
"371",0,0,0,0,0,0,0,0,0,0,0
"372",0,0,0,0,1,0,0,0,0,4,4
"373",0,1,0,0,1,0,0,1,0,2,2
"374",0,1,0,0,1,0,1,2,1,1,0
"375",0,1,0,1,0,0,0,0,0,0,0
"376",0,1,0,0,2,0,0,1,0,2,2
"377",0,0,0,0,0,0,0,1,0,1,1
"378",1,2,0,0,2,1,2,1,1,3,2
"379",0,2,0,0,1,0,1,2,0,3,3
"380",0,0,0,0,1,0,1,1,0,2,2
"381",0,1,0,0,1,0,1,1,0,1,1
"382",0,1,0,0,0,0,0,0,0,1,1
"383",0,0,0,0,0,0,0,0,0,0,0
"384",0,1,0,0,0,0,0,0,0,2,2
"385",0,3,0,0,3,0,0,3,0,5,5
"386",0,1,0,0,1,0,1,1,0,3,3
"387",0,3,0,0,2,0,1,3,0,3,3
"388",1,0,1,1,0,1,0,0,1,0,-1
"389",0,0,0,0,0,0,0,3,0,3,3
"390",0,0,0,0,0,0,0,2,0,2,2
"391",0,1,0,0,3,0,1,2,0,3,3
"392",0,0,0,0,0,0,0,0,0,0,0
"393",0,2,0,0,1,0,0,1,0,1,1
"394",0,2,0,0,2,0,1,4,0,4,4
"395",0,0,0,0,0,0,0,0,0,1,1
"396",0,2,0,0,2,0,2,2,0,4,4
"397",0,1,0,0,1,0,0,1,0,3,3
"398",0,0,0,0,0,0,0,0,0,0,0
"399",1,1,0,0,1,0,0,0,1,1,0
"400",1,1,1,0,1,0,1,1,1,1,0
"401",0,0,0,0,1,0,0,1,0,2,2
"402",0,1,0,0,0,0,0,0,0,3,3
"403",0,0,0,0,1,0,0,1,0,1,1
"404",0,1,0,0,1,0,1,1,0,1,1
"405",0,2,0,1,1,1,0,1,1,2,1
"406",0,1,0,0,2,0,0,2,0,3,3
"407",0,0,0,0,0,0,0,3,0,3,3
"408",0,3,0,0,3,0,0,3,0,3,3
"409",0,0,0,0,0,0,0,0,0,0,0
"410",1,1,1,1,1,2,1,1,2,1,-1
"411",0,0,0,0,1,0,1,1,0,1,1
"412",0,0,0,0,0,0,0,0,0,1,1
"413",0,1,0,0,2,0,0,2,0,2,2
"414",0,0,0,0,0,0,0,0,0,1,1
"415",0,1,0,0,2,0,1,0,0,2,2
"416",0,2,0,0,1,0,2,1,1,1,0
"417",0,0,0,0,0,0,0,1,0,1,1
"418",0,2,0,0,1,0,1,1,0,2,2
"419",0,0,0,0,0,0,0,0,0,0,0
"420",0,0,0,0,0,0,0,0,0,0,0
"421",0,0,0,0,0,0,0,0,0,0,0
"422",0,1,0,0,1,0,1,1,0,1,1
"423",0,1,0,0,1,0,0,1,0,2,2
"424",0,1,0,0,0,0,0,1,0,1,1
"425",0,1,0,0,1,0,1,1,0,1,1
"426",0,1,0,1,1,0,1,1,1,2,1
"427",0,2,1,0,2,0,2,2,0,2,2
"428",1,1,0,1,1,1,0,1,2,2,0
"429",0,1,0,0,2,0,1,1,0,2,2
"430",0,0,0,0,0,0,0,0,0,0,0
"431",0,0,0,0,0,0,0,0,0,0,0
"432",0,2,0,0,1,0,1,2,0,2,2
"433",1,0,1,0,0,1,0,1,2,0,-2
"434",0,1,0,0,1,0,1,1,0,1,1
"435",1,1,0,0,0,1,0,0,1,2,1
"436",0,0,0,0,0,0,0,0,0,1,1
"437",1,3,2,0,3,0,2,2,1,3,2
"438",0,0,0,0,0,0,0,0,0,0,0
"439",0,1,0,0,0,0,0,1,0,4,4
"440",0,0,0,0,0,0,0,0,0,1,1
"441",0,1,0,0,1,0,0,1,0,1,1
"442",0,1,0,0,2,0,0,2,0,4,4
"443",1,1,1,1,1,0,1,1,0,2,2
"444",0,1,0,0,1,0,0,0,0,1,1
"445",0,0,0,0,0,0,0,0,0,0,0
"446",0,0,0,0,0,0,0,0,0,0,0
"447",0,0,0,0,0,0,0,3,1,3,2
"448",0,3,0,0,2,0,0,3,0,2,2
"449",0,1,0,0,2,0,1,2,0,2,2
"450",0,0,0,0,0,0,0,0,0,0,0
"451",0,1,0,0,1,2,1,1,1,2,1
"452",0,2,1,1,1,1,1,1,1,4,3
"453",0,2,0,0,2,0,0,2,0,4,4
"454",0,1,0,0,1,1,1,1,2,1,-1
"455",0,0,0,0,0,0,0,0,0,0,0
"456",0,1,0,0,0,0,0,0,0,0,0
"457",0,0,0,0,0,0,0,0,0,0,0
"458",0,1,0,0,1,0,1,1,0,1,1
"459",0,1,0,0,1,0,1,1,0,1,1
"460",0,1,0,1,0,0,0,0,0,1,1
"461",0,1,0,0,1,0,0,2,0,2,2
"462",0,1,0,0,1,0,1,1,0,2,2
"463",0,1,0,0,1,0,1,1,0,1,1
"464",0,0,0,0,0,0,0,0,0,0,0
"465",0,0,0,0,0,0,0,0,0,1,1
"466",0,0,0,0,0,0,0,0,0,1,1
"467",0,1,0,0,1,0,1,1,0,2,2
"468",0,1,0,1,2,0,0,0,0,4,4
"469",0,0,0,1,0,1,0,1,1,1,0
"470",0,1,0,0,0,0,0,2,1,1,0
"471",1,3,1,0,2,1,2,3,2,4,2
"472",0,0,1,0,0,1,0,0,0,2,2
"473",0,2,0,0,2,0,0,4,0,4,4
"474",0,0,0,0,0,0,0,0,0,0,0
"475",0,0,0,0,0,0,0,1,0,1,1
"476",0,0,0,0,0,0,0,0,0,0,0
"477",0,0,0,0,0,0,0,0,0,0,0
"478",0,1,0,0,1,0,0,2,0,4,4
"479",0,0,0,0,0,0,0,0,0,0,0
"480",0,2,0,0,2,0,1,2,0,3,3
"481",0,1,0,0,1,0,1,1,0,1,1
"482",1,2,0,0,3,0,2,2,1,5,4
"483",0,2,0,0,1,0,2,1,0,3,3
"484",0,1,0,0,1,0,1,1,0,1,1
"485",0,1,0,0,1,0,0,0,0,2,2
"486",0,0,0,0,0,0,0,2,0,1,1
"487",0,1,0,0,1,0,0,1,0,1,1
"488",0,0,0,0,0,0,0,1,1,0,-1
"489",0,0,0,0,0,0,0,0,0,1,1
"490",0,1,0,0,2,0,1,1,0,2,2
"491",0,2,0,0,0,0,1,0,0,3,3
"492",0,0,0,0,1,0,0,0,0,1,1
"493",0,0,0,0,0,0,0,0,0,1,1
"494",0,1,0,0,0,0,0,1,0,1,1
"495",0,0,0,0,1,0,1,0,0,1,1
"496",0,1,0,0,1,0,1,1,0,1,1
"497",1,1,1,1,1,0,0,1,0,1,1
"498",0,0,0,0,0,0,0,0,0,0,0
"499",0,5,1,0,3,0,2,3,0,4,4
"500",0,2,0,0,1,0,0,1,0,3,3
"501",1,1,0,0,1,0,1,1,1,1,0
"502",0,0,0,0,0,0,0,0,0,0,0
"503",1,1,0,0,1,1,1,1,1,1,0
"504",0,1,0,0,1,0,0,1,0,1,1
"505",0,0,0,0,0,0,0,0,0,0,0
"506",0,2,0,0,1,0,0,2,0,4,4
"507",0,2,0,0,1,0,1,0,0,1,1
"508",0,2,0,0,1,0,0,1,0,1,1
"509",0,0,0,0,0,0,0,1,0,1,1
"510",0,1,0,0,1,0,0,1,0,1,1
"511",0,0,0,0,1,0,0,1,0,4,4
"512",0,1,0,0,2,0,1,2,0,3,3
"513",0,1,0,0,0,0,0,0,1,0,-1
"514",1,0,0,0,1,1,0,0,2,1,-1
"515",0,0,0,0,0,1,0,0,2,0,-2
"516",0,0,0,1,0,0,0,0,0,1,1
"517",0,0,0,0,1,0,1,1,0,1,1
"518",0,0,0,0,0,0,0,0,0,1,1
"519",0,0,0,0,0,0,0,0,0,0,0
"520",0,0,0,0,1,0,0,1,0,2,2
"521",0,0,0,0,0,0,0,0,0,0,0
"522",0,0,0,0,0,0,0,0,0,0,0
"523",0,3,0,0,2,0,0,2,0,4,4
"524",0,0,0,0,1,0,0,1,1,2,1
"525",0,1,0,0,1,0,1,2,0,3,3
"526",0,0,0,0,0,0,0,0,0,1,1
"527",0,1,0,0,1,0,1,1,0,1,1
"528",0,0,0,0,0,0,0,0,0,0,0
"529",0,0,0,0,0,0,0,0,0,0,0
"530",0,2,0,0,1,0,1,2,0,3,3
"531",0,0,0,0,0,0,0,0,0,1,1
"532",0,0,0,0,0,1,0,0,1,0,-1
"533",0,0,0,0,0,0,0,0,1,0,-1
"534",0,0,0,0,0,0,0,0,0,0,0
"535",0,2,0,0,3,0,1,1,0,3,3
"536",0,0,0,0,1,0,1,0,0,1,1
"537",0,0,0,0,0,0,0,0,0,0,0
"538",0,0,0,0,0,0,0,0,0,1,1
"539",0,0,0,0,0,0,0,0,0,0,0
"540",0,0,0,0,0,0,0,0,0,0,0
"541",0,1,0,0,1,0,1,1,0,1,1
"542",0,0,0,0,0,0,0,0,0,0,0
"543",0,2,0,0,2,0,1,1,0,2,2
"544",0,0,0,0,0,0,0,0,0,0,0
"545",0,0,1,0,0,1,0,0,0,2,2
"546",0,1,0,0,1,0,0,1,0,2,2
"547",0,0,0,0,1,0,0,0,0,1,1
"548",0,1,0,0,1,0,1,1,0,2,2
"549",0,1,0,0,1,0,0,1,0,1,1
"550",0,0,0,0,0,0,0,0,0,0,0
"551",1,0,1,1,0,1,0,1,1,1,0
"552",0,2,0,0,1,0,0,2,0,3,3
"553",0,1,0,0,1,0,0,0,0,1,1
"554",0,0,0,0,0,0,0,0,0,2,2
"555",0,2,0,0,0,0,0,1,0,2,2
"556",0,1,0,0,1,0,1,1,0,3,3
"557",0,0,0,0,0,0,0,0,0,2,2
"558",0,1,0,0,2,0,0,1,0,5,5
"559",0,0,0,0,0,0,0,0,0,0,0
"560",0,0,0,0,0,0,0,0,0,0,0
"561",0,1,0,0,1,0,1,1,0,2,2
"562",0,0,0,0,0,0,0,1,0,2,2
"563",0,0,0,0,0,0,0,0,0,0,0
"564",0,0,0,0,0,0,0,0,0,0,0
"565",0,0,0,0,0,0,0,0,0,0,0
"566",0,2,0,0,2,0,1,2,0,4,4
"567",0,1,0,0,2,0,1,2,0,5,5
"568",0,0,0,0,0,0,0,0,0,0,0
"569",0,1,0,0,2,0,0,3,0,5,5
"570",0,0,0,0,0,0,0,0,0,2,2
"571",0,0,0,1,2,0,0,1,0,2,2
"572",0,3,0,0,2,0,0,2,0,2,2
"573",0,1,0,0,1,0,0,2,0,3,3
"574",1,2,1,1,1,1,1,0,1,1,0
"575",1,0,0,1,0,1,0,0,1,0,-1
"576",0,0,0,0,0,0,0,0,0,0,0
"577",0,4,0,0,4,0,2,3,0,5,5
"578",0,2,0,0,2,0,1,3,0,3,3
"579",0,2,0,0,2,1,1,1,0,3,3
"580",0,2,0,0,1,0,0,2,0,4,4
"581",0,1,0,0,1,0,1,0,0,1,1
"582",0,0,1,1,0,0,0,0,1,0,-1
"583",0,0,0,0,0,0,0,0,0,0,0
"584",0,0,0,0,0,0,0,0,0,0,0
"585",0,0,0,0,2,0,0,1,0,3,3
"586",0,0,0,0,0,0,0,0,0,0,0
"587",0,1,0,0,1,0,0,1,0,1,1
"588",0,0,0,0,0,1,0,0,1,0,-1
"589",0,1,0,0,1,0,0,1,0,2,2
"590",1,1,0,1,1,2,2,1,2,1,-1
"591",0,0,0,0,0,0,0,0,0,0,0
"592",0,2,0,0,0,0,0,0,0,1,1
"593",0,0,0,0,0,0,0,0,0,1,1
"594",0,1,0,0,1,0,1,2,0,3,3
"595",0,1,0,0,1,0,1,1,0,1,1
"596",0,0,0,0,0,0,0,1,0,1,1
"597",0,1,0,0,1,0,1,1,0,3,3
"598",0,2,0,0,2,0,2,2,0,5,5
"599",0,0,0,0,0,0,0,1,0,2,2
"600",0,1,0,0,0,1,0,0,1,1,0
"601",0,0,0,0,1,0,0,1,0,2,2
"602",0,0,0,0,0,0,0,0,0,0,0
"603",0,1,0,0,1,0,0,0,0,1,1
"604",0,0,0,0,0,0,0,1,0,1,1
"605",0,0,0,0,1,0,0,0,0,1,1
"606",0,2,0,0,2,0,2,3,0,4,4
"607",0,0,0,0,0,0,0,1,0,1,1
"608",0,1,1,0,2,1,1,2,2,2,0
"609",0,0,0,0,0,0,0,0,0,0,0
"610",0,2,0,0,2,0,1,1,0,3,3
"611",0,1,0,0,0,0,0,0,0,0,0
"612",0,0,0,0,0,0,0,1,0,1,1
"613",0,0,0,0,0,0,0,0,0,0,0
"614",0,0,0,0,0,0,0,0,0,1,1
"615",0,2,0,0,2,0,1,1,0,2,2
"616",0,1,0,0,1,0,1,1,0,1,1
"617",0,0,0,0,0,0,0,0,0,0,0
"618",0,1,0,0,1,0,0,4,0,4,4
"619",0,1,0,0,0,0,0,1,0,1,1
"620",0,0,0,0,0,0,0,1,0,0,0
"621",0,0,0,0,0,0,0,0,0,1,1
"622",0,0,0,0,0,0,0,0,0,1,1
"623",0,2,0,0,2,1,2,3,0,4,4
"624",0,0,0,1,0,0,0,0,0,0,0
"625",0,0,0,1,0,0,0,0,0,0,0
"626",0,1,0,0,2,0,1,3,0,4,4
"627",0,1,0,0,1,0,0,1,0,2,2
"628",0,0,0,0,1,0,1,1,0,1,1
"629",0,0,0,0,1,0,0,1,0,1,1
"630",1,0,0,1,0,1,0,0,1,0,-1
"631",0,0,0,0,1,0,0,0,0,1,1
"632",1,1,0,0,1,0,1,1,0,1,1
"633",0,0,0,0,0,0,0,1,0,1,1
"634",0,1,0,0,1,0,1,1,0,1,1
"635",0,0,0,0,0,0,0,0,0,0,0
"636",0,0,0,0,0,0,0,2,0,2,2
"637",0,0,0,0,1,0,0,1,0,3,3
"638",0,0,0,0,1,0,0,1,0,1,1
"639",0,0,0,0,0,0,0,0,0,2,2
"640",0,0,0,0,0,0,0,0,0,0,0
"641",0,2,0,0,3,0,2,2,0,4,4
"642",0,2,0,0,1,0,1,3,1,2,1
"643",0,1,0,0,1,0,1,1,0,1,1
"644",0,1,0,0,2,0,1,2,0,2,2
"645",0,1,0,0,0,0,0,1,0,1,1
"646",0,0,0,0,0,0,0,0,0,0,0
"647",0,1,0,0,4,0,1,2,0,6,6
"648",0,1,0,0,1,0,1,1,0,1,1
"649",0,0,0,0,1,0,0,1,0,1,1
"650",0,1,0,0,2,0,1,1,0,2,2
"651",1,2,1,0,2,1,1,2,1,3,2
"652",0,0,0,0,0,0,0,0,0,1,1
"653",0,0,0,0,0,1,0,0,1,0,-1
"654",0,1,0,0,1,0,1,1,0,1,1
"655",0,0,0,0,2,0,1,3,0,3,3
"656",1,1,0,1,1,1,0,1,1,3,2
"657",0,1,0,0,1,0,1,1,1,1,0
"658",0,0,0,0,0,0,0,0,0,1,1
"659",0,1,0,1,1,0,1,1,0,1,1
"660",0,0,0,0,0,0,0,1,0,1,1
"661",0,0,0,0,1,0,0,1,0,1,1
"662",0,0,0,0,0,0,0,0,0,0,0
"663",0,2,0,1,1,0,1,2,0,2,2
"664",0,0,0,0,0,0,0,0,0,0,0
"665",0,0,0,0,0,0,0,0,0,0,0
"666",0,2,0,0,2,0,1,2,0,2,2
"667",1,4,1,1,4,1,3,5,1,6,5
"668",0,3,0,0,1,0,1,1,0,2,2
"669",0,0,0,0,0,0,0,0,0,0,0
"670",0,0,0,0,1,0,0,1,0,1,1
"671",0,0,0,0,0,0,0,0,0,0,0
"672",0,1,0,0,0,0,0,0,0,0,0
"673",0,0,0,0,1,0,0,1,0,1,1
"674",0,2,0,0,1,0,1,1,0,2,2
"675",0,1,0,0,0,0,0,0,0,1,1
"676",0,0,0,0,0,0,0,0,0,0,0
"677",0,0,0,0,0,0,1,0,0,0,0
"678",0,0,0,0,0,0,0,0,0,0,0
"679",0,2,0,0,2,0,0,1,0,2,2
"680",0,0,0,0,0,0,0,0,0,0,0
"681",1,2,1,2,2,0,0,3,0,2,2
"682",0,0,0,0,2,0,0,1,0,2,2
"683",0,0,0,0,0,0,0,0,0,0,0
"684",0,0,0,0,0,0,0,0,0,0,0
"685",0,1,0,0,0,0,0,0,1,0,-1
"686",0,0,0,0,0,0,0,0,0,0,0
"687",0,0,0,0,0,0,0,0,0,0,0
"688",0,2,0,0,2,1,1,3,0,3,3
"689",0,2,0,0,1,0,1,1,0,2,2
"690",0,0,0,0,0,0,0,0,0,0,0
"691",0,0,0,0,0,0,0,0,0,0,0
"692",0,1,0,0,1,0,0,2,0,2,2
"693",0,0,0,0,0,0,0,0,0,0,0
"694",0,0,0,0,0,0,0,1,0,1,1
"695",0,0,0,0,0,0,0,0,0,0,0
"696",0,0,0,0,0,0,0,0,0,0,0
"697",0,0,0,0,0,0,0,0,0,0,0
"698",0,1,0,0,1,0,1,1,0,3,3
"699",0,0,0,0,0,0,0,0,0,0,0
"700",0,1,0,0,1,0,0,1,0,2,2
"701",0,0,0,0,0,0,0,0,0,0,0
"702",0,1,0,1,1,1,0,0,1,1,0
"703",0,2,0,0,2,1,2,2,0,2,2
"704",0,0,0,0,1,0,0,1,0,1,1
"705",0,1,0,0,1,0,1,1,0,1,1
"706",1,0,1,1,1,0,0,1,2,2,0
"707",0,0,0,0,0,0,0,0,0,0,0
"708",0,1,0,0,1,0,1,1,0,1,1
"709",0,1,0,0,1,0,0,0,0,2,2
"710",0,2,0,0,2,0,1,2,0,2,2
"711",0,1,0,0,1,0,1,1,1,1,0
"712",0,0,0,0,0,0,0,0,0,0,0
"713",0,1,0,0,1,0,0,1,0,1,1
"714",0,1,0,0,1,0,1,1,0,1,1
"715",0,0,0,0,0,0,0,0,0,1,1
"716",0,0,0,0,0,0,0,0,0,0,0
"717",0,0,0,0,1,0,0,0,0,1,1
"718",0,1,0,0,0,0,0,0,0,0,0
"719",0,0,0,0,0,0,0,1,0,1,1
"720",0,1,0,0,1,1,1,2,0,2,2
"721",0,3,0,0,3,0,0,3,0,4,4
"722",0,0,0,0,0,0,0,0,0,0,0
"723",0,1,0,0,0,0,0,0,0,0,0
"724",0,0,0,0,0,0,0,1,0,0,0
"725",0,1,0,0,1,0,0,1,0,1,1
"726",0,0,0,0,1,0,0,0,0,2,2
"727",0,0,0,0,0,0,0,0,0,1,1
"728",0,1,0,0,0,0,0,0,0,0,0
"729",0,2,0,0,0,0,0,0,0,1,1
"730",0,0,0,0,0,0,0,0,0,0,0
"731",1,2,0,1,2,1,0,2,1,4,3
"732",0,0,0,0,1,0,0,0,0,1,1
"733",0,0,0,0,1,0,0,2,2,3,1
"734",0,0,0,0,0,0,0,1,0,0,0
"735",0,0,0,1,0,1,0,0,1,0,-1
"736",0,0,0,0,0,0,0,1,0,1,1
"737",0,1,0,0,2,0,0,2,0,2,2
"738",0,0,0,0,0,0,0,0,0,1,1
"739",0,1,0,0,1,0,1,2,0,1,1
"740",0,0,0,0,1,0,0,1,0,1,1
"741",0,2,0,0,1,1,1,1,1,3,2
"742",0,1,1,0,2,1,1,3,2,2,0
"743",0,1,0,0,1,0,1,1,0,1,1
"744",0,0,0,0,0,0,0,0,0,0,0
"745",0,0,0,0,0,0,0,0,0,0,0
"746",0,0,0,0,0,0,0,0,0,0,0
"747",0,0,0,0,0,0,0,0,0,0,0
"748",0,1,0,0,1,0,1,1,0,4,4
"749",0,2,0,0,1,0,1,1,0,2,2
"750",0,3,0,0,4,0,1,3,1,4,3
"751",0,3,2,0,3,1,2,1,2,3,1
"752",0,0,0,0,0,0,0,0,0,0,0
"753",0,1,0,0,0,0,0,0,1,1,0
"754",0,1,0,0,2,0,1,2,0,2,2
"755",1,2,1,1,1,2,1,1,2,1,-1
"756",0,0,0,0,0,0,0,1,0,2,2
"757",0,0,0,0,0,0,0,0,0,0,0
"758",0,0,0,0,1,0,0,1,0,1,1
"759",0,0,0,0,0,0,0,0,0,0,0
"760",0,0,0,0,0,0,0,0,0,0,0
"761",0,0,0,0,0,0,0,0,0,0,0
"762",0,2,0,0,1,0,0,1,0,1,1
"763",0,0,0,0,0,0,0,1,0,2,2
"764",0,1,0,0,2,0,1,0,0,2,2
"765",0,0,0,0,1,0,0,1,0,2,2
"766",0,0,0,0,0,0,0,0,0,0,0
"767",0,0,0,0,1,0,0,1,0,1,1
"768",0,1,0,0,1,0,1,1,0,1,1
"769",0,0,0,0,0,0,0,0,0,1,1
"770",0,1,1,1,1,1,0,1,2,1,-1
"771",0,2,0,0,2,0,0,2,0,2,2
"772",0,0,0,0,0,0,0,0,0,0,0
"773",0,0,0,0,1,0,1,1,0,2,2
"774",0,1,0,0,1,0,0,1,0,1,1
"775",0,0,0,0,0,0,0,1,0,1,1
"776",0,0,0,0,0,0,0,0,0,0,0
"777",0,0,0,0,0,0,0,0,0,0,0
"778",0,1,0,0,1,0,1,2,0,1,1
"779",0,1,0,0,1,0,1,1,0,2,2
"780",0,0,0,0,0,0,0,0,0,0,0
"781",0,0,0,0,0,0,0,0,0,0,0
"782",0,0,0,0,0,0,0,0,0,0,0
"783",0,2,0,0,2,0,1,2,0,2,2
"784",0,1,0,0,2,0,1,2,0,2,2
"785",0,0,0,0,0,0,0,1,0,0,0
"786",0,1,0,0,2,0,1,2,0,2,2
"787",0,2,0,0,2,0,1,1,0,3,3
"788",0,1,0,0,1,0,1,1,0,2,2
"789",0,2,0,0,2,0,2,2,0,3,3
"790",0,0,0,0,0,0,0,0,0,0,0
"791",0,0,0,0,0,0,0,0,0,0,0
"792",0,0,0,0,0,0,0,0,0,0,0
"793",0,0,0,0,0,0,0,0,0,0,0
"794",0,0,0,0,0,0,0,0,0,0,0
"795",0,0,0,0,2,0,0,1,0,2,2
"796",0,0,0,0,0,0,0,0,0,0,0
"797",0,0,0,0,0,0,0,0,0,0,0
"798",0,0,0,0,0,0,0,0,0,0,0
"799",0,0,0,0,0,0,0,0,0,0,0
"800",0,0,0,0,0,0,0,0,0,0,0
"801",0,0,0,0,1,0,0,0,0,1,1
"802",0,2,0,0,2,0,2,2,0,2,2
"803",0,1,0,0,1,0,1,1,0,1,1
"804",0,1,0,0,1,0,0,1,0,1,1
"805",0,1,0,0,1,0,1,1,0,1,1
"806",0,0,0,0,0,0,0,0,0,0,0
"807",0,0,0,0,0,0,0,1,0,1,1
"808",0,1,0,0,1,0,1,2,0,1,1
"809",0,0,0,0,0,0,0,0,0,0,0
"810",1,0,0,0,0,1,0,0,1,0,-1
"811",0,0,0,0,0,0,0,0,0,0,0
"812",0,1,0,0,2,0,1,2,0,3,3
"813",0,1,0,0,1,0,1,1,0,1,1
"814",0,1,0,0,2,0,1,1,0,2,2
"815",0,2,0,0,1,0,0,1,0,3,3
"816",0,2,0,0,1,1,1,0,0,2,2
"817",0,0,0,0,0,0,0,0,0,0,0
"818",0,1,0,0,1,0,1,1,0,1,1
"819",0,0,0,0,0,0,0,0,0,0,0
"820",0,0,0,1,0,1,0,0,1,0,-1
"821",0,0,0,0,0,0,0,0,0,2,2
"822",1,0,1,1,0,1,0,0,1,0,-1
"823",0,1,0,0,1,0,1,1,0,1,1
"824",0,1,0,0,1,0,0,1,0,2,2
"825",0,0,0,0,0,0,0,0,0,0,0
"826",0,0,0,0,0,0,0,0,0,0,0
"827",0,0,0,0,1,0,0,0,0,2,2
"828",0,0,0,0,0,0,0,0,0,0,0
"829",0,1,0,0,0,0,0,1,1,2,1
"830",0,2,0,0,1,0,1,1,0,2,2
"831",0,0,0,0,1,0,0,1,0,1,1
"832",0,0,0,0,0,0,0,0,0,0,0
"833",0,0,0,0,0,0,0,0,0,0,0
"834",0,0,0,0,0,0,0,0,0,0,0
"835",0,0,0,0,0,0,0,1,0,2,2
"836",0,1,0,0,1,0,1,1,0,1,1
"837",0,0,0,0,0,0,0,0,0,0,0
"838",0,1,0,0,0,0,0,0,0,0,0
"839",0,0,0,0,0,0,0,0,0,0,0
"840",0,0,0,0,1,0,0,0,0,1,1
"841",0,1,0,0,1,0,1,1,0,1,1
"842",0,2,0,0,1,0,1,1,0,1,1
"843",0,1,0,0,1,0,1,1,0,1,1
"844",1,1,0,0,1,0,1,1,0,2,2
"845",0,0,0,0,0,0,0,0,0,0,0
"846",0,0,0,0,0,0,0,0,0,1,1
"847",0,0,0,0,0,0,0,0,0,0,0
"848",0,0,0,0,0,0,0,0,0,0,0
"849",0,0,0,0,0,0,0,0,0,0,0
"850",0,1,0,0,1,1,1,1,0,1,1
"851",0,0,0,0,0,0,0,0,0,1,1
"852",0,0,0,0,0,0,0,0,0,0,0
"853",0,0,0,0,0,0,0,0,0,0,0
"854",1,1,1,0,1,0,1,1,1,2,1
"855",0,0,0,0,0,0,0,0,0,0,0
"856",0,0,0,0,0,0,0,1,0,1,1
"857",0,1,0,0,1,0,1,1,0,2,2
"858",0,1,0,0,1,0,0,1,0,2,2
"859",0,1,0,0,1,0,1,1,0,1,1
"860",0,0,0,0,0,0,0,0,0,0,0
"861",0,1,0,0,1,0,1,1,0,1,1
"862",0,0,0,0,0,0,0,1,1,1,0
"863",0,1,0,0,1,0,1,1,0,1,1
"864",0,1,0,0,1,0,1,1,0,1,1
"865",0,1,0,0,1,0,1,1,0,1,1
"866",0,0,0,0,0,0,0,0,0,0,0
"867",1,0,1,0,0,0,0,0,1,1,0
"868",0,3,0,0,2,0,0,2,0,4,4
"869",0,0,0,0,0,0,0,0,0,0,0
"870",0,0,0,0,0,0,0,0,0,0,0
"871",0,0,0,0,0,0,0,0,0,0,0
"872",0,0,0,0,0,0,0,0,0,0,0
"873",0,0,0,0,0,0,0,0,0,0,0
"874",0,0,0,0,0,0,0,0,0,0,0
"875",0,1,0,0,1,0,1,1,0,2,2
"876",0,0,0,0,0,0,0,0,0,0,0
"877",0,0,0,0,1,0,0,1,0,1,1
"878",0,0,0,0,0,0,0,0,0,0,0
"879",0,0,0,0,0,0,0,0,0,0,0
"880",0,0,0,0,1,0,0,1,0,1,1
"881",0,0,0,0,2,0,0,1,0,2,2
"882",0,0,0,0,0,0,0,0,0,0,0
"883",0,0,0,0,0,0,0,0,0,0,0
"884",0,1,0,0,1,0,1,1,0,1,1
"885",0,0,0,0,0,0,0,0,0,0,0
"886",0,0,0,0,0,0,0,0,0,0,0
"887",0,0,0,0,0,0,0,1,0,0,0
"888",0,1,0,0,1,0,1,1,0,1,1
"889",0,0,0,0,0,0,0,0,0,0,0
"890",0,0,0,0,0,0,0,0,0,0,0
"891",0,0,0,0,0,0,0,0,0,0,0
"892",0,0,0,0,0,0,0,0,0,0,0
"893",0,1,0,0,1,0,1,1,0,1,1
"894",0,1,0,0,1,0,1,1,0,1,1
"895",0,0,0,0,1,0,0,0,0,1,1
"896",0,0,0,0,0,0,0,0,1,1,0
"897",0,1,0,0,1,1,1,1,0,1,1
"898",0,0,0,0,0,0,0,0,0,0,0
"899",0,0,0,0,0,0,0,0,0,0,0
"900",0,1,0,0,1,0,1,2,0,2,2
"901",0,0,0,0,0,0,0,0,0,0,0
"902",0,0,0,0,0,0,0,0,0,0,0
"903",0,0,0,0,2,0,0,1,1,2,1
"904",0,0,0,0,0,0,0,0,0,0,0
"905",0,1,0,0,1,0,1,1,0,1,1
"906",0,0,0,0,0,0,0,0,0,0,0
"907",0,0,0,0,1,0,0,1,1,2,1
"908",0,2,0,0,1,0,1,1,0,2,2
"909",0,0,0,0,0,0,0,1,0,1,1
"910",0,1,0,0,1,0,1,2,0,2,2
"911",0,0,0,0,1,0,1,0,0,1,1
"912",0,2,0,0,1,0,1,1,0,2,2
"913",0,0,0,0,0,0,0,0,0,0,0
"914",0,0,0,0,0,0,0,0,0,1,1
"915",0,0,0,0,0,0,0,0,0,0,0
"916",0,0,0,0,1,0,1,2,0,2,2
"917",0,0,0,0,0,0,0,0,0,1,1
"918",0,0,0,0,1,0,0,0,0,1,1
"919",0,0,0,0,0,0,0,0,0,0,0
"920",0,1,0,0,1,0,1,1,0,1,1
"921",0,0,0,0,0,0,0,0,0,1,1
"922",0,0,0,0,0,0,0,0,1,0,-1
"923",0,0,0,0,1,0,0,1,0,1,1
"924",0,1,0,0,1,0,1,1,0,1,1
"925",0,1,0,0,1,0,1,1,0,1,1
"926",0,0,0,0,0,0,0,0,0,0,0
"927",0,0,0,0,0,0,0,0,0,0,0
"928",0,0,0,0,1,0,0,2,0,2,2
"929",0,1,0,0,2,0,1,2,0,2,2
"930",0,1,0,0,1,0,1,1,0,2,2
"931",0,0,0,0,0,0,0,0,0,0,0
"932",0,1,0,0,1,0,1,2,0,1,1
"933",0,0,0,0,0,0,0,0,0,0,0
"934",0,1,0,0,1,0,0,1,0,1,1
"935",0,1,0,0,1,0,0,1,0,4,4
"936",0,1,0,0,1,0,1,1,0,1,1
"937",1,1,1,0,1,1,0,1,1,1,0
"938",0,2,0,0,2,0,1,2,0,3,3
"939",0,0,0,0,1,0,0,1,0,1,1
"940",0,1,0,0,0,0,0,0,0,0,0
"941",0,0,0,0,0,0,0,0,0,0,0
"942",0,1,0,0,1,0,1,1,0,1,1
"943",0,1,0,0,0,0,0,0,0,0,0
"944",0,2,1,0,1,0,1,1,1,1,0
"945",0,0,0,0,0,0,0,0,0,1,1
"946",0,1,0,0,1,0,1,1,0,1,1
"947",0,1,0,0,1,0,1,2,0,1,1
"948",0,0,0,0,0,0,0,0,0,0,0
"949",0,1,0,0,1,0,1,1,0,1,1
"950",0,0,0,0,0,0,0,0,0,0,0
"951",0,0,0,0,1,0,1,1,0,1,1
"952",0,0,0,0,0,0,0,0,0,0,0
"953",0,0,0,0,0,0,0,0,0,0,0
"954",0,1,0,0,1,0,1,1,0,1,1
"955",0,1,0,0,1,0,1,1,0,1,1
"956",0,1,0,0,1,0,1,1,0,1,1
"957",0,0,0,0,0,0,0,0,0,0,0
"958",0,2,0,0,2,0,2,3,1,2,1
"959",0,0,0,0,0,0,0,0,0,0,0
"960",0,1,0,0,2,0,1,2,0,3,3
"961",0,2,0,0,1,0,1,1,0,2,2
"962",0,0,0,0,0,0,0,0,0,0,0
"963",0,0,0,0,0,0,0,0,0,0,0
"964",0,1,0,0,1,0,1,1,0,1,1
"965",0,0,0,0,0,0,0,0,0,0,0
"966",0,0,0,0,0,0,0,0,0,0,0
"967",0,0,0,0,0,0,0,0,0,0,0
"968",0,0,0,0,0,0,0,0,0,0,0
"969",0,0,0,0,0,0,0,0,0,0,0
"970",0,1,0,0,1,0,1,2,0,1,1
"971",0,0,0,0,0,0,0,1,0,1,1
"972",0,1,0,0,1,0,1,1,0,1,1
"973",0,1,0,0,1,0,1,1,0,1,1
"974",0,0,0,0,0,0,0,0,0,2,2
"975",0,1,0,0,1,0,1,1,0,1,1
"976",0,1,1,1,1,1,1,1,1,1,0
"977",0,0,0,0,0,0,0,0,0,0,0
"978",0,0,0,0,0,0,0,0,0,1,1
"979",0,0,0,0,0,0,0,0,0,0,0
"980",0,0,0,0,0,0,0,0,0,0,0
"981",0,1,1,0,0,0,0,0,1,0,-1
"982",0,0,0,0,1,0,0,1,0,1,1
"983",0,0,0,0,0,0,0,0,1,0,-1
"984",0,0,0,0,0,0,0,0,0,0,0
"985",0,0,0,0,0,0,0,0,0,0,0
"986",0,0,0,0,0,0,0,0,0,0,0
"987",0,0,0,0,0,0,0,0,1,0,-1
"988",0,0,0,0,0,0,0,0,0,0,0
"989",0,1,0,0,1,0,1,1,0,1,1
"990",0,0,0,0,0,0,0,0,0,0,0
"991",0,0,0,0,0,1,0,1,1,0,-1
"992",0,0,0,0,0,0,0,0,0,0,0
"993",0,0,0,0,0,0,0,0,0,0,0
"994",0,0,0,0,2,0,0,1,0,2,2
"995",0,0,0,0,0,0,0,0,0,0,0
"996",0,0,0,0,1,0,0,1,0,1,1
"997",0,0,0,0,0,0,0,0,0,2,2
"998",0,0,0,0,0,0,0,0,0,0,0
"999",0,0,0,0,0,0,0,0,0,0,0
"1000",1,0,1,1,0,1,0,1,1,0,-1
"1001",0,0,0,0,0,0,0,0,0,0,0
"1002",0,0,0,0,0,1,0,0,1,0,-1
"1003",0,0,0,0,2,0,0,2,0,2,2
"1004",0,1,0,0,1,0,1,1,0,1,1
"1005",0,0,0,0,1,0,0,0,0,1,1
"1006",0,0,0,0,0,0,0,0,0,0,0
"1007",0,0,0,0,0,0,0,0,0,0,0
"1008",0,0,0,0,0,0,0,0,0,0,0
"1009",0,0,0,0,1,0,1,1,0,1,1
"1010",0,2,0,0,1,0,1,1,0,2,2
"1011",0,1,0,0,1,0,1,1,0,3,3
"1012",0,0,0,0,0,0,0,0,0,0,0
"1013",0,0,0,0,0,0,0,0,0,0,0
"1014",0,1,0,0,1,0,1,1,0,1,1
"1015",0,1,0,0,0,0,0,0,1,1,0
"1016",0,1,0,0,1,0,0,1,0,1,1
"1017",0,0,0,0,0,0,0,1,0,1,1
"1018",0,1,0,0,1,0,1,1,0,1,1
"1019",0,0,0,0,0,0,0,0,0,0,0
"1020",0,1,0,0,1,0,1,1,0,1,1
"1021",0,0,0,0,0,0,0,0,0,0,0
"1022",0,0,0,0,0,0,0,0,0,1,1
"1023",0,1,0,0,1,0,1,1,0,1,1
"1024",0,0,0,0,0,0,0,0,0,0,0
"1025",0,0,0,0,0,0,0,0,0,2,2
"1026",0,1,0,0,1,0,1,1,0,1,1
"1027",0,0,0,0,1,0,0,0,0,1,1
"1028",0,0,0,0,0,0,0,0,0,0,0
"1029",0,0,0,0,0,0,0,0,0,0,0
"1030",0,1,0,0,1,0,1,1,0,1,1
"1031",0,0,0,0,1,0,0,0,0,1,1
"1032",0,0,0,0,0,0,0,1,0,1,1
"1033",0,0,0,0,0,0,0,0,0,1,1
"1034",0,0,0,0,0,0,0,0,0,0,0
"1035",0,0,0,0,0,0,0,2,0,0,0
"1036",0,0,0,0,0,0,0,0,0,0,0
"1037",0,0,0,0,0,0,0,1,0,1,1
"1038",0,1,0,0,1,0,1,1,0,1,1
"1039",0,0,0,0,0,0,0,0,0,0,0
"1040",0,0,0,0,0,0,0,0,0,0,0
"1041",0,0,0,0,0,0,0,0,0,1,1
"1042",0,0,0,0,0,0,0,0,0,0,0
"1043",0,1,0,0,1,0,1,1,0,1,1
"1044",0,0,0,0,0,0,0,0,0,0,0
"1045",0,0,0,0,0,0,0,0,0,0,0
"1046",0,0,0,0,0,0,0,0,0,0,0
"1047",0,0,1,0,0,1,0,0,3,0,-3
"1048",0,1,0,0,2,0,1,2,0,2,2
"1049",0,0,0,0,0,0,0,0,0,0,0
"1050",0,0,0,0,0,0,0,0,0,0,0
"1051",0,0,0,0,0,0,0,0,0,0,0
"1052",0,0,0,0,0,0,0,0,0,0,0
"1053",0,0,0,0,0,0,0,0,0,0,0
"1054",0,1,0,0,1,0,1,1,0,1,1
"1055",0,0,0,0,0,0,0,0,0,0,0
"1056",0,0,0,0,0,0,0,0,0,0,0
"1057",0,0,0,0,0,0,0,0,0,0,0
"1058",0,0,0,0,0,0,0,0,0,0,0
"1059",0,1,0,0,1,0,1,1,0,1,1
"1060",0,0,0,0,0,0,0,0,0,0,0
"1061",0,0,0,0,0,0,0,1,0,0,0
"1062",0,0,0,0,0,0,0,0,0,0,0
"1063",0,0,0,0,1,0,0,1,0,1,1
"1064",0,1,0,0,1,0,1,1,0,1,1
"1065",0,0,0,0,0,0,0,0,0,1,1
"1066",0,0,0,0,0,0,0,1,1,1,0
"1067",0,0,0,0,0,0,0,0,0,0,0
"1068",0,0,0,0,0,0,0,0,0,0,0
"1069",0,1,0,0,1,0,1,1,0,1,1
"1070",0,0,0,0,0,0,0,0,0,0,0
"1071",0,0,0,0,0,0,0,0,0,0,0
"1072",0,0,0,0,0,0,0,0,0,0,0
"1073",0,0,0,0,0,0,0,0,0,0,0
"1074",0,0,0,0,0,0,0,0,0,0,0
"1075",0,1,0,0,1,0,1,1,0,1,1
"1076",0,0,0,0,0,0,0,0,0,0,0
"1077",0,0,0,0,0,0,0,0,0,0,0
"1078",0,0,0,0,0,0,0,0,0,0,0
"1079",0,0,0,0,0,0,0,0,0,0,0
"1080",0,0,0,0,0,0,0,0,0,0,0
"1081",0,1,0,0,1,0,1,1,0,1,1
"1082",0,1,0,0,1,0,1,1,0,1,1
"1083",0,0,0,0,0,0,0,0,0,0,0
"1084",0,0,0,0,0,0,0,0,0,0,0
"1085",0,0,0,0,0,0,0,0,0,0,0
"1086",0,0,0,0,0,0,1,0,0,1,1
"1087",0,0,0,0,0,0,0,0,0,0,0
"1088",0,0,0,0,1,0,1,1,0,1,1
"1089",0,1,0,0,1,0,1,1,0,1,1
"1090",0,0,0,0,0,0,0,0,0,0,0
"1091",0,0,0,0,0,0,0,0,0,0,0
"1092",0,1,0,0,1,0,1,1,0,1,1
"1093",0,1,0,0,1,0,1,1,0,1,1
"1094",0,0,0,0,0,0,0,0,0,0,0
"1095",0,0,0,0,0,0,0,0,0,0,0
"1096",0,0,0,0,0,0,0,0,0,0,0
"1097",0,0,0,0,0,0,0,0,0,0,0
"1098",0,1,0,0,1,0,1,1,0,1,1
"1099",0,0,0,0,0,0,0,0,0,0,0
"1100",0,0,0,0,0,0,0,0,0,0,0
"1101",0,1,0,0,1,0,0,1,0,1,1
"1102",0,0,0,0,0,0,0,0,0,1,1
"1103",0,1,0,0,1,0,1,1,0,1,1
"1104",0,1,0,0,1,0,1,1,0,1,1
"1105",0,0,0,0,0,0,0,0,0,0,0
"1106",0,0,0,0,0,0,0,0,0,0,0
"1107",0,0,0,0,0,0,0,0,0,0,0
"1108",0,0,0,0,0,0,0,0,0,0,0
"1109",0,0,0,0,0,0,0,0,0,0,0
"1110",0,0,0,0,0,0,0,0,0,0,0
"1111",0,0,0,0,0,0,0,0,0,0,0
"1112",0,0,0,0,0,0,0,4,0,4,4
"1113",1,5,1,2,4,2,2,5,2,8,6
"1114",0,2,0,0,6,0,2,4,1,9,8
"1115",1,3,1,2,2,2,1,6,3,10,7
"1116",0,4,0,0,5,0,2,4,1,7,6
"1117",0,9,1,1,8,0,3,11,2,19,17
"1118",2,8,1,2,13,1,5,13,4,27,23
"1119",2,9,2,3,10,4,5,11,6,23,17
"1120",2,9,1,2,9,0,2,6,1,13,12
"1121",0,8,0,0,6,0,2,9,1,10,9
"1122",1,1,0,1,2,0,0,4,1,5,4
"1123",2,6,1,2,7,2,4,11,7,26,19
"1124",0,0,0,0,1,0,0,2,0,4,4
"1125",0,5,0,1,2,0,0,4,0,5,5
"1126",3,15,3,3,15,5,6,14,4,26,22
"1127",0,2,0,0,2,0,3,5,1,9,8
"1128",0,3,0,0,6,0,1,4,1,7,6
"1129",1,3,1,1,3,1,1,4,0,6,6
"1130",0,6,0,0,7,1,3,7,1,10,9
"1131",0,4,0,0,2,0,1,5,1,8,7
"1132",1,0,0,0,3,0,0,5,3,8,5
"1133",1,3,0,2,1,1,2,2,4,3,-1
"1134",1,2,1,0,1,1,1,1,1,4,3
"1135",0,0,0,1,0,1,0,1,1,1,0
"1136",0,5,0,1,7,1,2,5,0,10,10
"1137",3,5,2,3,5,3,3,6,4,12,8
"1138",1,0,1,0,3,0,0,2,2,8,6
"1139",0,1,0,1,0,1,0,0,1,2,1
"1140",0,1,0,0,2,0,1,2,0,5,5
"1141",0,5,0,1,5,1,1,4,1,7,6
"1142",0,1,0,0,2,0,1,3,1,4,3
"1143",0,0,0,0,1,0,0,3,0,6,6
"1144",1,1,0,1,0,0,0,1,1,0,-1
"1145",0,1,0,0,2,0,0,2,0,2,2
"1146",0,4,0,0,3,0,0,4,1,4,3
"1147",1,3,0,0,4,0,3,5,0,5,5
"1148",0,2,0,2,2,1,2,3,2,3,1
"1149",0,0,0,0,0,0,0,1,1,2,1
"1150",0,2,0,0,2,0,2,3,1,4,3
"1151",0,1,0,0,1,0,0,1,0,4,4
"1152",0,1,0,0,0,0,0,0,1,2,1
"1153",0,1,0,0,1,0,1,1,1,1,0
"1154",0,1,0,0,1,0,0,2,0,2,2
"1155",0,1,0,0,2,0,0,1,0,4,4
"1156",0,0,0,0,0,0,0,0,0,1,1
"1157",0,1,1,1,1,2,1,1,2,3,1
"1158",0,3,0,0,1,0,0,1,0,1,1
"1159",1,2,0,0,2,0,2,2,0,4,4
"1160",0,1,0,0,3,0,1,4,0,7,7
"1161",0,1,0,0,1,0,0,1,1,3,2
"1162",0,0,0,0,0,0,0,1,0,2,2
"1163",0,3,0,0,2,0,1,2,0,6,6
"1164",0,0,0,0,1,0,0,3,0,5,5
"1165",1,4,0,0,4,0,3,3,0,5,5
"1166",0,1,0,0,1,0,1,1,0,4,4
"1167",0,1,0,0,1,0,1,1,0,2,2
"1168",0,2,0,0,1,0,1,1,0,2,2
"1169",1,1,0,0,1,1,1,1,1,1,0
"1170",0,0,0,0,1,0,0,0,0,1,1
"1171",0,2,0,0,2,0,1,1,0,2,2
"1172",0,0,0,0,0,0,0,0,0,2,2
"1173",0,0,0,0,0,0,0,0,0,2,2
"1174",0,2,0,0,1,0,2,2,0,3,3
"1175",0,0,0,0,1,0,0,2,0,2,2
"1176",0,1,0,0,1,0,0,1,0,2,2
"1177",0,1,0,0,0,0,0,0,1,0,-1
"1178",0,4,0,0,3,0,0,4,0,3,3
"1179",0,1,0,1,1,0,1,2,1,3,2
"1180",0,4,0,1,2,0,1,1,1,3,2
"1181",0,0,0,0,2,0,0,0,0,3,3
"1182",0,2,1,0,1,0,0,0,1,1,0
"1183",0,0,0,0,1,0,0,1,0,2,2
"1184",0,0,0,0,0,0,0,0,0,1,1
"1185",0,1,0,0,1,0,0,0,0,1,1
"1186",0,2,0,0,2,0,1,1,0,3,3
"1187",0,1,0,0,1,0,1,1,0,1,1
"1188",0,0,0,0,1,0,0,1,0,3,3
"1189",0,0,0,0,0,0,0,0,0,2,2
"1190",0,0,0,0,0,0,0,0,0,1,1
"1191",0,3,0,0,3,0,0,1,0,3,3
"1192",0,0,0,0,0,0,0,0,0,1,1
"1193",1,1,1,0,1,1,1,0,1,2,1
"1194",0,0,0,0,1,0,0,1,0,2,2
"1195",0,1,0,0,1,0,0,1,0,1,1
"1196",0,0,0,0,0,0,0,0,0,0,0
"1197",0,0,0,0,0,0,0,0,0,0,0
"1198",0,2,1,0,1,0,1,1,1,2,1
"1199",0,1,0,0,1,0,1,0,0,1,1
"1200",0,2,0,0,1,0,0,2,0,2,2
"1201",0,0,0,0,1,0,0,1,0,1,1
"1202",0,0,0,0,1,0,0,1,0,3,3
"1203",0,1,0,0,1,0,1,1,0,2,2
"1204",2,0,2,1,0,2,0,1,3,1,-2
"1205",0,0,0,0,0,0,0,1,0,1,1
"1206",0,2,0,0,2,0,0,2,0,2,2
"1207",0,3,0,0,3,0,1,3,0,4,4
"1208",0,0,0,1,0,2,0,0,2,0,-2
"1209",0,1,0,0,0,0,0,0,0,0,0
"1210",0,0,0,0,0,0,0,1,0,1,1
"1211",0,1,0,0,0,0,0,1,0,0,0
"1212",0,1,0,0,2,0,1,1,0,3,3
"1213",0,2,0,0,1,0,1,1,0,3,3
"1214",0,1,0,0,0,0,0,0,0,1,1
"1215",0,0,0,0,0,0,0,0,0,1,1
"1216",0,1,0,0,1,0,0,1,0,2,2
"1217",0,2,0,0,2,0,2,3,0,4,4
"1218",0,0,0,0,1,0,0,0,0,1,1
"1219",0,0,0,0,0,0,0,0,0,0,0
"1220",0,0,0,0,0,0,0,0,0,0,0
"1221",0,1,0,0,1,0,1,1,0,1,1
"1222",0,1,0,0,1,0,1,1,0,1,1
"1223",0,0,0,0,0,0,0,0,0,0,0
"1224",0,2,0,0,2,0,0,2,0,4,4
"1225",0,0,0,0,1,0,0,1,0,1,1
"1226",0,1,0,0,1,0,1,0,0,1,1
"1227",0,1,0,0,2,0,1,2,0,2,2
"1228",0,1,0,0,1,0,1,1,0,1,1
"1229",0,0,0,0,0,0,0,0,0,0,0
"1230",0,1,0,0,1,0,1,1,0,2,2
"1231",0,1,0,0,1,0,0,1,0,3,3
"1232",1,1,1,0,1,0,1,1,1,2,1
"1233",0,0,0,0,1,0,0,1,0,1,1
"1234",0,2,0,0,1,0,1,0,0,1,1
"1235",0,0,0,0,0,0,0,0,0,1,1
"1236",0,0,0,0,0,0,0,0,0,1,1
"1237",0,0,0,0,0,0,0,0,0,1,1
"1238",0,0,0,0,0,0,0,0,0,0,0
"1239",0,0,0,0,1,0,0,0,0,2,2
"1240",0,0,0,0,1,0,0,1,0,2,2
"1241",0,0,0,0,0,0,0,0,0,0,0
"1242",0,1,0,0,1,0,1,0,0,2,2
"1243",0,0,0,0,0,0,0,0,0,0,0
"1244",0,1,0,0,0,0,0,0,0,0,0
"1245",0,0,0,0,1,0,1,1,0,1,1
"1246",0,0,0,0,0,0,0,0,0,2,2
"1247",0,0,0,0,0,0,0,0,0,1,1
"1248",0,0,0,0,0,0,0,0,0,0,0
"1249",0,0,0,0,0,0,0,0,0,1,1
"1250",0,0,0,0,0,0,0,0,0,0,0
"1251",0,0,0,0,0,0,0,0,0,1,1
"1252",0,0,0,0,0,0,0,1,0,1,1
"1253",0,0,0,0,0,0,0,0,0,0,0
"1254",0,2,0,0,1,0,1,2,0,3,3
"1255",0,4,0,0,4,0,0,3,1,8,7
"1256",0,1,0,0,1,0,0,1,1,2,1
"1257",0,0,0,0,0,0,0,0,0,0,0
"1258",0,0,0,0,0,0,0,0,0,1,1
"1259",0,3,0,0,3,0,2,3,0,3,3
"1260",0,0,0,0,0,0,0,1,0,1,1
"1261",0,1,0,0,1,0,1,2,0,2,2
"1262",1,0,0,0,2,0,0,1,1,2,1
"1263",0,0,0,0,0,0,0,1,0,3,3
"1264",0,2,0,0,2,1,0,2,1,3,2
"1265",0,1,0,0,1,0,1,2,0,2,2
"1266",0,0,0,0,0,0,0,0,0,0,0
"1267",1,1,0,0,1,0,1,1,0,1,1
"1268",0,0,0,0,0,0,0,0,0,0,0
"1269",0,0,0,0,0,0,0,0,0,0,0
"1270",0,0,0,0,0,0,0,0,0,0,0
"1271",0,1,0,0,1,0,1,1,0,1,1
"1272",0,0,0,0,0,0,0,0,0,0,0
"1273",0,1,0,0,1,0,1,1,0,1,1
"1274",0,0,0,0,1,0,1,1,0,1,1
"1275",0,0,0,0,0,0,0,0,1,0,-1
"1276",0,0,0,0,0,0,0,0,0,1,1
"1277",0,0,0,0,0,0,0,0,0,0,0
"1278",0,0,0,0,0,0,0,0,0,0,0
"1279",0,1,0,0,1,0,1,1,0,1,1
"1280",0,0,0,0,0,0,0,0,0,0,0
"1281",0,0,0,0,0,1,0,0,1,0,-1
"1282",0,0,0,0,0,0,0,0,0,0,0
"1283",0,5,0,0,6,0,4,6,1,7,6
"1284",0,0,0,0,1,0,0,3,0,5,5
"1285",0,1,0,1,0,0,0,1,1,1,0
"1286",0,0,0,0,0,0,0,0,0,0,0
"1287",3,2,1,3,2,3,2,3,9,8,-1
"1288",0,0,0,0,2,0,0,0,0,2,2
"1289",0,2,0,0,2,0,2,2,0,2,2
"1290",0,1,0,1,0,0,0,0,1,1,0
"1291",0,0,0,0,0,0,0,0,0,0,0
"1292",0,2,0,0,2,1,2,1,0,2,2
"1293",0,1,0,0,1,0,0,1,1,2,1
"1294",0,2,0,0,3,1,0,2,1,6,5
"1295",2,5,1,0,4,2,3,6,4,11,7
"1296",1,2,1,0,1,2,1,3,3,3,0
"1297",1,4,1,2,3,1,1,3,2,3,1
"1298",0,0,0,0,0,0,0,0,0,3,3
"1299",0,2,1,1,1,0,1,4,1,4,3
"1300",0,0,0,0,3,0,2,2,0,7,7
"1301",0,1,0,0,3,0,2,5,0,5,5
"1302",3,11,1,2,11,2,5,13,8,18,10
"1303",1,0,1,1,0,2,0,1,2,5,3
"1304",0,0,0,0,1,0,0,1,0,2,2
"1305",0,0,0,0,0,0,0,2,0,0,0
"1306",0,3,0,0,2,1,2,5,1,6,5
"1307",0,0,0,0,1,0,0,2,0,1,1
"1308",0,2,0,0,3,0,1,4,0,6,6
"1309",0,4,0,0,4,0,2,5,1,10,9
"1310",0,0,0,0,1,0,0,3,0,6,6
"1311",0,2,0,0,1,0,0,2,0,5,5
"1312",0,0,0,0,0,0,0,1,0,5,5
"1313",0,4,0,0,3,0,1,5,0,9,9
"1314",2,0,2,0,0,1,0,3,2,4,2
"1315",1,6,0,2,6,2,3,9,2,18,16
"1316",1,4,1,0,5,1,1,9,7,21,14
"1317",0,1,0,1,4,1,1,8,2,8,6
"1318",0,2,0,2,3,1,2,2,1,4,3
"1319",0,1,0,0,1,0,0,2,0,5,5
"1320",0,0,0,0,0,0,0,0,0,0,0
"1321",0,1,0,1,2,1,1,1,0,3,3
"1322",0,2,0,0,1,0,0,0,0,2,2
"1323",1,6,0,2,4,0,1,3,2,11,9
"1324",0,1,0,0,0,1,0,0,0,3,3
"1325",0,0,0,0,2,0,0,1,0,2,2
"1326",0,4,1,0,3,1,1,2,0,10,10
"1327",0,0,0,1,2,1,0,2,2,4,2
"1328",1,2,1,0,0,0,1,2,1,3,2
"1329",0,2,0,0,1,1,1,1,2,3,1
"1330",1,4,0,0,4,0,1,4,1,8,7
"1331",0,1,0,1,1,0,0,0,2,1,-1
"1332",0,1,0,1,1,0,0,2,1,4,3
"1333",0,0,0,0,2,0,0,4,0,9,9
"1334",0,2,0,0,3,0,0,3,2,7,5
"1335",0,1,0,0,2,0,0,4,0,6,6
"1336",0,1,0,1,2,0,0,2,0,3,3
"1337",0,1,0,0,1,0,0,2,1,7,6
"1338",0,2,0,0,1,0,0,2,1,1,0
"1339",1,2,1,0,1,0,0,2,3,3,0
"1340",1,2,0,0,2,1,1,2,2,7,5
"1341",0,2,0,0,4,1,2,7,7,5,-2
"1342",0,1,0,0,1,1,1,1,0,2,2
"1343",0,1,0,0,0,0,0,2,0,2,2
"1344",0,0,0,0,0,0,0,1,0,2,2
"1345",1,1,1,0,1,0,0,3,3,7,4
"1346",0,2,0,0,3,0,0,2,0,4,4
"1347",0,3,0,1,1,1,0,5,1,4,3
"1348",0,1,0,1,1,0,1,1,0,3,3
"1349",1,0,0,0,0,0,0,2,1,3,2
"1350",0,3,0,0,0,0,0,0,0,1,1
"1351",1,0,0,1,1,1,1,1,1,1,0
"1352",1,3,0,0,3,1,1,3,1,8,7
"1353",0,3,0,0,2,1,2,5,0,6,6
"1354",0,3,0,0,2,0,2,2,0,4,4
"1355",0,2,0,0,2,1,2,2,0,3,3
"1356",1,1,0,0,0,0,0,1,1,1,0
"1357",0,2,0,0,2,0,1,1,0,4,4
"1358",0,2,0,0,1,0,0,1,0,3,3
"1359",0,0,0,0,1,1,1,3,1,4,3
"1360",0,2,0,0,2,0,2,2,0,4,4
"1361",0,1,0,0,1,0,0,2,0,5,5
"1362",0,0,0,0,0,0,0,0,0,1,1
"1363",0,1,0,0,1,0,1,1,0,1,1
"1364",0,0,0,0,0,0,0,0,0,1,1
"1365",0,3,0,0,1,0,0,1,0,3,3
"1366",1,1,0,0,1,0,0,1,1,3,2
"1367",0,1,0,0,1,0,1,1,1,1,0
"1368",0,0,0,1,0,0,0,1,0,3,3
"1369",0,0,0,0,2,0,0,2,0,4,4
"1370",1,3,1,1,2,2,1,2,1,2,1
"1371",0,1,0,0,1,0,1,3,0,3,3
"1372",0,2,1,0,2,2,2,2,0,4,4
"1373",0,0,0,0,0,0,0,0,0,0,0
"1374",0,2,0,0,1,0,0,1,1,3,2
"1375",0,0,0,0,0,0,0,1,0,1,1
"1376",0,0,0,0,0,0,0,0,0,1,1
"1377",0,2,0,0,2,1,1,2,1,2,1
"1378",0,0,0,0,0,0,0,1,0,0,0
"1379",0,1,0,0,1,0,0,3,0,4,4
"1380",0,2,0,0,2,0,1,2,0,2,2
"1381",0,0,0,1,1,0,0,1,0,3,3
"1382",0,1,0,0,0,0,0,0,0,0,0
"1383",0,0,0,0,1,0,0,1,0,1,1
"1384",0,1,0,0,1,0,1,1,0,2,2
"1385",0,0,0,0,0,0,0,0,0,0,0
"1386",0,0,0,0,2,0,0,1,0,2,2
"1387",0,1,0,0,0,0,0,1,0,1,1
"1388",0,0,0,0,0,0,0,3,0,4,4
"1389",0,1,0,0,1,0,1,2,0,3,3
"1390",2,2,2,1,1,0,0,1,2,1,-1
"1391",0,1,0,0,2,1,0,2,1,3,2
"1392",0,1,0,0,1,0,0,1,0,4,4
"1393",0,0,0,0,0,0,0,0,1,2,1
"1394",0,0,0,0,0,0,0,0,0,0,0
"1395",0,1,0,1,1,0,1,0,1,1,0
"1396",0,4,0,0,3,1,3,2,0,5,5
"1397",0,2,0,0,2,1,1,2,0,4,4
"1398",0,0,0,0,0,0,0,0,0,0,0
"1399",0,0,0,0,0,0,0,0,0,0,0
"1400",0,1,0,0,1,1,1,1,0,1,1
"1401",0,1,0,0,0,0,0,1,1,3,2
"1402",0,3,0,0,2,0,1,2,0,3,3
"1403",0,0,0,0,1,0,0,1,0,1,1
"1404",0,1,0,0,2,0,1,4,0,4,4
"1405",0,0,0,0,0,0,0,1,0,2,2
"1406",0,3,0,0,3,0,3,1,0,3,3
"1407",0,1,0,0,1,0,1,1,0,2,2
"1408",0,0,0,0,0,0,0,0,0,0,0
"1409",0,0,0,0,0,0,0,0,0,0,0
"1410",0,1,0,0,1,0,0,2,0,3,3
"1411",0,1,0,0,2,0,2,2,1,3,2
"1412",1,3,1,2,0,1,0,1,3,2,-1
"1413",0,0,0,0,0,0,0,0,0,1,1
"1414",0,1,0,0,1,0,1,1,0,1,1
"1415",0,0,0,1,0,0,0,0,1,0,-1
"1416",0,0,0,0,1,0,0,2,0,5,5
"1417",0,1,0,0,1,1,1,2,0,4,4
"1418",0,2,0,0,2,0,1,2,0,3,3
"1419",0,2,0,0,2,0,1,2,0,2,2
"1420",0,1,0,0,1,0,1,1,0,1,1
"1421",0,2,0,1,2,0,2,1,1,3,2
"1422",0,0,0,0,0,0,0,0,0,0,0
"1423",0,0,0,0,0,0,0,1,0,0,0
"1424",0,0,0,0,0,0,0,0,0,0,0
"1425",0,0,0,0,0,0,0,1,0,1,1
"1426",0,1,0,0,1,0,0,2,0,2,2
"1427",0,0,0,0,0,0,0,0,0,2,2
"1428",0,0,0,0,0,0,0,1,0,1,1
"1429",0,0,0,0,0,0,0,0,0,0,0
"1430",0,2,0,0,3,1,2,2,0,3,3
"1431",0,0,0,0,0,0,0,0,0,1,1
"1432",0,0,0,0,0,0,0,0,0,1,1
"1433",0,0,0,0,0,0,0,0,0,0,0
"1434",0,3,0,0,2,0,0,4,0,5,5
"1435",0,1,0,0,2,0,2,2,1,4,3
"1436",0,1,0,0,0,0,0,0,0,5,5
"1437",0,1,0,0,1,0,1,1,0,2,2
"1438",0,0,0,0,1,0,0,1,1,2,1
"1439",0,1,0,0,2,0,0,2,0,4,4
"1440",0,0,0,0,0,0,0,0,0,1,1
"1441",0,0,0,0,1,0,0,1,0,2,2
"1442",0,2,2,1,3,2,1,2,1,8,7
"1443",0,0,0,0,0,0,0,0,0,0,0
"1444",0,0,0,0,1,0,0,0,0,1,1
"1445",0,1,0,0,0,0,0,0,0,0,0
"1446",0,2,0,0,2,0,1,3,0,3,3
"1447",0,1,0,0,0,0,0,0,0,0,0
"1448",0,1,0,0,1,1,1,1,0,1,1
"1449",0,0,0,0,1,0,0,0,0,3,3
"1450",0,1,0,0,1,0,0,2,0,2,2
"1451",1,3,0,0,3,0,2,2,1,4,3
"1452",0,0,0,0,0,0,0,0,0,1,1
"1453",0,3,0,0,4,0,2,2,0,4,4
"1454",0,1,0,0,1,0,0,1,0,1,1
"1455",0,0,0,0,0,0,0,0,0,1,1
"1456",1,2,0,0,2,0,2,2,0,2,2
"1457",0,0,0,0,1,0,0,1,0,1,1
"1458",0,0,0,0,1,0,0,1,0,1,1
"1459",0,1,0,0,1,0,1,1,0,1,1
"1460",0,0,0,0,0,0,0,0,0,1,1
"1461",0,3,0,0,4,0,2,3,0,5,5
"1462",0,3,0,2,2,0,1,2,1,3,2
"1463",0,0,0,0,1,0,0,1,0,3,3
"1464",1,0,0,0,0,0,0,0,1,1,0
"1465",0,0,0,0,0,0,0,0,0,1,1
"1466",0,0,0,0,0,0,0,0,0,0,0
"1467",0,2,0,0,2,0,2,2,0,3,3
"1468",0,0,0,0,0,0,0,0,1,1,0
"1469",0,0,0,0,0,0,0,0,0,2,2
"1470",0,0,0,0,1,0,0,1,1,2,1
"1471",0,0,0,0,0,0,0,0,0,0,0
"1472",0,2,0,0,2,0,1,2,0,4,4
"1473",0,2,0,0,2,1,1,2,1,2,1
"1474",0,0,0,0,0,0,0,0,0,0,0
"1475",0,0,0,0,1,0,0,0,0,1,1
"1476",0,0,0,0,0,0,0,0,0,1,1
"1477",0,1,0,0,1,0,0,0,0,1,1
"1478",0,2,0,0,2,1,2,1,0,2,2
"1479",0,2,0,0,2,0,0,4,0,6,6
"1480",0,0,0,1,0,0,0,1,1,3,2
"1481",0,1,0,0,1,0,1,2,0,4,4
"1482",0,0,0,0,0,0,0,0,0,0,0
"1483",0,1,0,0,1,0,1,1,1,1,0
"1484",0,2,1,0,1,0,1,1,1,2,1
"1485",0,0,0,0,0,0,0,0,0,0,0
"1486",1,2,1,0,1,1,1,1,1,1,0
"1487",0,1,0,0,2,0,1,1,0,3,3
"1488",0,1,1,1,1,2,1,1,1,1,0
"1489",0,0,0,0,0,0,0,0,0,0,0
"1490",0,2,0,1,2,1,0,1,1,6,5
"1491",0,0,0,0,0,0,0,0,0,0,0
"1492",0,1,0,0,1,0,1,1,0,2,2
"1493",0,0,0,0,1,0,0,0,0,1,1
"1494",0,0,0,0,0,0,0,1,0,2,2
"1495",0,2,0,0,3,1,2,1,0,4,4
"1496",0,1,0,0,1,0,0,1,0,1,1
"1497",0,0,0,0,0,0,0,0,0,0,0
"1498",0,0,0,0,0,0,0,0,0,0,0
"1499",0,1,0,0,0,0,0,0,0,1,1
"1500",0,0,0,0,0,0,0,0,0,1,1
"1501",0,0,0,0,0,0,0,0,0,0,0
"1502",0,2,0,0,2,0,1,1,0,2,2
"1503",1,0,1,0,0,0,0,1,1,2,1
"1504",0,0,0,0,0,0,0,1,0,3,3
"1505",0,1,0,0,1,0,0,1,0,2,2
"1506",0,1,0,0,1,0,0,1,0,1,1
"1507",0,0,0,0,0,0,0,0,0,0,0
"1508",0,0,0,0,2,0,1,1,0,2,2
"1509",0,1,0,0,1,1,1,1,0,1,1
"1510",0,0,0,0,0,0,0,0,0,0,0
"1511",0,0,0,0,1,0,0,1,0,2,2
"1512",0,1,0,0,0,0,0,2,0,2,2
"1513",0,1,0,0,1,0,0,0,0,2,2
"1514",0,0,0,0,0,0,0,0,1,0,-1
"1515",0,0,0,0,0,0,0,1,0,1,1
"1516",0,0,0,0,0,0,0,1,0,2,2
"1517",0,2,0,0,3,0,2,3,0,4,4
"1518",0,0,0,0,0,0,0,0,0,0,0
"1519",0,1,0,0,1,0,0,0,0,1,1
"1520",0,1,0,1,1,0,1,2,0,1,1
"1521",0,1,0,0,1,1,1,1,0,1,1
"1522",0,1,0,0,3,0,1,1,0,3,3
"1523",0,0,0,0,0,0,0,0,0,1,1
"1524",0,2,0,0,1,0,0,2,0,3,3
"1525",0,0,0,0,1,0,0,2,0,4,4
"1526",0,1,0,0,1,0,1,1,0,1,1
"1527",0,0,0,0,1,0,0,2,0,2,2
"1528",0,0,0,0,0,0,0,0,0,0,0
"1529",0,0,0,0,0,0,0,0,0,1,1
"1530",0,0,0,0,0,0,0,0,0,0,0
"1531",0,1,0,0,1,0,1,1,0,1,1
"1532",1,2,0,0,2,0,2,3,0,4,4
"1533",0,0,0,0,1,0,0,1,0,1,1
"1534",1,3,1,0,1,1,1,2,1,2,1
"1535",0,2,0,0,2,1,2,2,0,2,2
"1536",0,0,0,0,1,0,0,0,0,1,1
"1537",0,0,0,0,2,0,0,2,0,2,2
"1538",0,0,0,0,2,0,0,1,0,3,3
"1539",0,0,0,0,0,0,0,0,0,1,1
"1540",0,0,0,0,0,0,0,0,0,0,0
"1541",0,1,0,0,1,0,0,1,0,1,1
"1542",0,0,0,0,3,0,0,2,0,3,3
"1543",0,0,0,0,0,0,0,0,0,1,1
"1544",0,0,0,0,0,0,0,0,0,0,0
"1545",0,1,0,0,1,0,1,1,0,1,1
"1546",0,1,0,0,0,0,0,0,1,1,0
"1547",0,0,0,0,0,0,0,0,0,0,0
"1548",0,0,0,0,0,0,0,0,0,0,0
"1549",0,0,0,0,0,0,0,0,0,0,0
"1550",0,0,0,0,0,0,0,0,0,2,2
"1551",0,0,0,0,1,0,0,1,1,3,2
"1552",0,1,0,0,1,0,1,1,0,1,1
"1553",0,0,0,0,1,0,0,0,0,1,1
"1554",0,1,0,0,1,0,1,1,0,1,1
"1555",0,1,0,0,1,0,0,1,0,1,1
"1556",0,0,0,0,0,0,0,0,1,0,-1
"1557",0,0,0,0,0,0,0,0,0,0,0
"1558",0,0,0,0,1,0,0,1,0,1,1
"1559",0,0,0,0,0,1,0,1,1,2,1
"1560",0,1,0,0,1,0,0,2,0,2,2
"1561",0,0,0,0,0,0,0,0,0,0,0
"1562",0,1,0,0,1,0,1,1,0,1,1
"1563",0,0,0,0,0,0,0,0,0,0,0
"1564",0,1,0,0,1,0,1,2,0,3,3
"1565",0,1,0,0,1,0,1,1,0,1,1
"1566",1,0,1,1,1,1,0,0,1,3,2
"1567",0,2,0,0,1,0,1,1,0,2,2
"1568",0,0,0,0,0,1,0,0,1,0,-1
"1569",2,2,1,2,2,1,2,4,1,5,4
"1570",0,0,0,0,0,0,0,0,0,0,0
"1571",0,0,0,0,1,0,0,0,0,1,1
"1572",0,0,0,0,0,1,0,0,0,2,2
"1573",0,0,0,0,0,0,0,0,0,0,0
"1574",1,0,1,0,0,0,0,1,1,1,0
"1575",0,0,0,0,2,0,0,1,0,3,3
"1576",0,1,0,1,2,0,1,1,0,2,2
"1577",0,2,0,0,1,0,0,1,0,2,2
"1578",0,1,0,0,1,0,0,1,0,1,1
"1579",0,0,0,0,0,0,0,0,0,1,1
"1580",0,0,0,0,0,0,0,0,0,1,1
"1581",0,0,0,0,1,0,0,0,0,1,1
"1582",0,0,0,0,0,0,0,0,0,1,1
"1583",0,1,0,0,1,0,1,3,0,4,4
"1584",0,0,0,0,0,0,0,0,0,1,1
"1585",0,0,0,0,0,0,0,0,0,0,0
"1586",0,0,0,0,0,0,0,0,1,0,-1
"1587",0,2,0,0,1,0,0,1,0,2,2
"1588",0,0,0,0,0,0,0,0,0,0,0
"1589",0,1,0,0,1,0,0,1,0,1,1
"1590",0,0,0,0,0,0,0,0,0,0,0
"1591",0,1,0,0,1,0,0,1,0,2,2
"1592",0,0,0,0,0,0,0,0,0,0,0
"1593",0,0,0,0,0,1,0,1,1,1,0
"1594",0,0,0,0,0,0,0,0,0,1,1
"1595",0,0,0,0,0,0,0,0,0,0,0
"1596",0,0,0,0,0,0,0,0,0,0,0
"1597",0,1,0,0,2,0,0,2,0,2,2
"1598",1,3,1,1,2,1,1,2,1,2,1
"1599",0,0,0,0,0,0,0,0,0,0,0
"1600",0,0,0,0,0,0,0,0,0,1,1
"1601",0,2,0,0,1,0,1,0,1,1,0
"1602",0,1,0,0,1,0,1,0,0,1,1
"1603",0,1,0,0,1,0,0,1,0,1,1
"1604",0,0,0,0,0,0,0,0,0,0,0
"1605",0,1,0,0,1,0,1,1,0,1,1
"1606",0,1,0,0,1,0,0,1,0,1,1
"1607",0,0,0,0,1,0,1,1,0,1,1
"1608",0,1,0,0,0,0,0,0,0,0,0
"1609",0,0,0,0,0,0,0,0,0,0,0
"1610",0,1,0,0,1,1,1,1,1,2,1
"1611",0,0,0,0,1,0,0,1,0,1,1
"1612",0,1,0,0,1,0,1,1,0,1,1
"1613",0,0,0,0,0,0,0,0,0,1,1
"1614",0,0,0,0,0,0,0,0,0,0,0
"1615",0,0,0,0,0,0,0,0,0,0,0
"1616",0,2,0,0,1,0,1,2,0,1,1
"1617",0,1,0,0,0,0,0,0,0,2,2
"1618",0,0,0,0,0,0,0,0,0,0,0
"1619",0,0,0,0,1,0,0,1,0,1,1
"1620",0,0,0,0,0,0,0,0,0,0,0
"1621",0,0,0,0,0,0,0,1,0,1,1
"1622",0,0,0,0,0,0,0,0,0,0,0
"1623",0,1,0,0,1,0,1,1,0,1,1
"1624",0,0,0,0,0,0,0,0,0,1,1
"1625",0,0,0,0,0,0,0,0,0,0,0
"1626",0,0,0,0,0,0,0,0,0,0,0
"1627",0,0,0,0,0,0,0,0,0,0,0
"1628",0,0,0,0,0,0,0,0,0,1,1
"1629",0,0,0,0,0,0,0,0,0,0,0
"1630",0,1,0,0,1,0,0,1,0,1,1
"1631",0,0,0,0,1,0,0,1,0,1,1
"1632",0,0,0,0,0,0,0,0,0,0,0
"1633",1,2,1,0,1,1,1,1,1,1,0
"1634",0,0,0,0,0,0,0,0,0,0,0
"1635",0,0,0,0,0,0,0,0,0,0,0
"1636",0,0,0,0,0,0,0,0,0,0,0
"1637",0,0,0,0,0,0,0,0,0,0,0
"1638",1,1,1,0,1,0,1,1,1,1,0
"1639",0,1,0,0,1,0,1,1,0,2,2
"1640",0,0,0,0,0,0,0,0,0,0,0
"1641",3,6,3,3,5,4,3,9,8,13,5
"1642",1,1,1,1,3,2,1,3,2,10,8
"1643",1,3,0,1,2,1,1,2,2,4,2
"1644",0,0,1,1,0,1,0,0,1,0,-1
"1645",0,0,0,0,0,0,0,0,0,0,0
"1646",0,1,0,0,1,2,1,1,2,3,1
"1647",1,1,0,0,0,1,0,2,1,4,3
"1648",0,4,0,0,4,2,2,5,1,7,6
"1649",0,2,0,1,3,0,1,2,1,7,6
"1650",0,0,0,0,0,0,0,1,0,3,3
"1651",0,7,0,4,5,2,3,8,6,16,10
"1652",1,4,1,0,1,0,0,2,1,1,0
"1653",1,1,1,1,0,1,0,2,1,0,-1
"1654",1,0,1,1,1,1,0,2,0,2,2
"1655",0,0,0,0,0,0,0,0,0,1,1
"1656",1,3,2,1,2,1,2,4,2,5,3
"1657",0,0,0,0,0,0,0,1,0,2,2
"1658",0,1,0,0,1,0,1,1,0,2,2
"1659",0,1,0,1,1,1,1,3,2,4,2
"1660",0,0,0,1,0,1,0,0,1,0,-1
"1661",0,2,1,3,0,1,1,0,2,1,-1
"1662",0,2,0,0,0,0,0,2,0,2,2
"1663",0,0,0,0,0,0,0,0,0,0,0
"1664",0,2,0,0,1,0,1,1,1,1,0
"1665",0,0,1,0,1,1,0,1,0,6,6
"1666",0,0,0,0,0,0,0,0,0,0,0
"1667",0,0,0,1,0,1,0,0,1,0,-1
"1668",0,1,0,0,0,0,0,0,0,0,0
"1669",0,1,0,0,1,0,1,2,0,2,2
"1670",0,0,0,0,0,0,0,0,0,0,0
"1671",0,0,0,0,0,0,0,1,0,1,1
"1672",0,0,0,0,0,0,0,0,0,0,0
"1673",0,2,0,0,1,0,1,2,0,2,2
"1674",0,1,0,0,2,0,2,3,0,4,4
"1675",0,0,0,0,0,0,0,0,0,0,0
"1676",0,0,0,0,0,0,0,0,0,1,1
"1677",0,0,0,1,0,1,0,0,1,0,-1
"1678",0,0,0,0,0,0,0,0,0,1,1
"1679",0,0,0,0,0,0,0,0,0,0,0
"1680",0,1,0,0,1,0,1,1,0,1,1
"1681",0,0,0,0,0,0,0,0,0,0,0
"1682",0,1,0,0,1,0,1,1,1,1,0
"1683",0,0,0,0,0,0,0,0,0,1,1
"1684",0,0,1,1,0,1,1,0,1,0,-1
"1685",0,0,0,0,2,0,0,1,0,2,2
"1686",1,1,1,0,1,1,1,1,1,3,2
"1687",0,1,0,0,1,0,0,0,0,1,1
"1688",0,1,0,2,2,0,0,0,0,4,4
"1689",0,2,0,0,1,0,0,1,0,1,1
"1690",0,1,0,0,1,0,1,1,0,1,1
"1691",0,1,0,0,1,0,1,1,0,1,1
"1692",1,0,1,0,0,1,0,0,1,0,-1
"1693",0,0,0,0,0,0,0,0,0,0,0
"1694",0,0,0,0,0,0,0,1,0,1,1
"1695",0,1,0,0,1,0,1,1,0,1,1
"1696",0,0,0,0,1,0,0,1,0,1,1
"1697",0,1,0,0,1,0,0,1,0,2,2
"1698",0,0,0,0,0,0,0,0,0,1,1
"1699",0,1,0,0,1,0,1,1,0,1,1
"1700",0,0,1,1,1,0,0,1,0,2,2
"1701",0,0,0,0,0,0,0,0,0,0,0
"1702",0,0,0,0,0,0,1,0,0,1,1
"1703",0,1,0,0,1,0,1,1,0,3,3
"1704",0,8,1,0,6,2,0,7,3,16,13
"1705",3,5,3,1,4,3,2,11,4,14,10
"1706",0,0,1,0,0,1,0,1,0,5,5
"1707",0,0,0,0,1,0,0,1,0,1,1
"1708",0,0,0,0,0,0,0,0,0,0,0
"1709",0,2,0,0,3,0,1,4,0,10,10
"1710",0,1,0,0,1,0,0,0,0,1,1
"1711",0,1,1,1,2,1,1,2,1,2,1
"1712",0,1,0,1,0,0,0,0,1,0,-1
"1713",1,0,0,1,0,0,0,0,3,1,-2
"1714",0,2,0,0,3,1,1,2,1,5,4
"1715",0,0,0,0,0,0,0,0,0,2,2
"1716",0,4,0,2,7,2,2,9,2,16,14
"1717",0,0,0,0,0,0,0,0,0,0,0
"1718",1,1,1,0,1,0,0,1,1,2,1
"1719",0,2,0,0,2,1,2,5,0,6,6
"1720",0,1,0,0,3,0,1,3,0,3,3
"1721",2,10,0,1,11,1,4,14,3,26,23
"1722",0,0,0,0,0,0,0,1,0,2,2
"1723",0,0,0,0,0,0,0,0,0,0,0
"1724",0,3,0,1,5,0,1,3,1,6,5
"1725",0,0,0,0,0,1,0,1,1,2,1
"1726",0,0,0,0,1,0,0,1,1,1,0
"1727",0,0,0,0,0,0,0,0,0,1,1
"1728",0,0,0,0,1,0,0,0,0,1,1
"1729",1,0,0,1,1,1,0,2,1,4,3
"1730",0,0,0,0,2,0,0,2,1,3,2
"1731",0,1,0,0,0,0,0,0,0,1,1
"1732",0,0,0,0,0,0,0,0,0,3,3
"1733",0,0,0,0,0,0,0,0,0,0,0
"1734",0,3,0,0,2,1,1,1,0,3,3
"1735",0,1,0,0,1,0,0,1,0,1,1
"1736",0,0,0,0,1,0,0,0,0,1,1
"1737",0,0,0,0,0,0,0,0,0,1,1
"1738",0,0,0,0,0,0,0,1,0,2,2
"1739",0,0,0,0,2,0,1,2,0,6,6
"1740",1,3,0,0,2,0,1,5,2,5,3
"1741",0,0,0,0,0,0,0,0,0,1,1
"1742",0,1,0,0,2,1,0,4,2,7,5
"1743",0,0,0,0,0,0,0,0,0,0,0
"1744",0,0,0,0,0,0,0,0,0,0,0
"1745",0,3,0,0,4,0,3,2,0,4,4
"1746",1,1,1,1,2,2,1,4,1,8,7
"1747",0,2,0,0,2,0,1,2,0,2,2
"1748",0,1,0,0,1,0,1,4,0,5,5
"1749",0,0,0,0,1,0,0,0,0,1,1
"1750",0,0,0,0,0,0,0,0,0,0,0
"1751",0,0,0,0,0,0,0,0,0,1,1
"1752",0,0,0,0,0,0,0,0,0,0,0
"1753",0,1,0,0,1,1,1,1,0,1,1
"1754",0,0,0,0,0,0,0,0,0,0,0
"1755",0,2,0,0,1,1,0,3,1,4,3
"1756",0,0,0,1,0,0,0,2,0,0,0
"1757",0,2,0,0,1,0,1,0,0,2,2
"1758",3,4,1,3,7,4,0,7,4,20,16
"1759",0,0,0,0,0,0,0,2,1,5,4
"1760",0,2,0,1,1,0,1,2,0,4,4
"1761",1,0,1,1,1,1,0,1,1,4,3
"1762",0,0,0,0,0,0,0,0,0,0,0
"1763",0,0,0,2,2,2,0,3,2,5,3
"1764",1,2,0,1,2,0,0,4,1,10,9
"1765",1,1,1,0,1,1,1,2,2,4,2
"1766",0,2,0,0,1,0,1,4,2,7,5
"1767",0,1,1,0,2,1,0,2,3,8,5
"1768",1,0,0,1,0,1,0,2,1,2,1
"1769",0,2,0,1,1,0,0,1,0,3,3
"1770",0,3,0,0,2,0,1,3,1,4,3
"1771",0,2,0,0,2,0,1,1,0,4,4
"1772",0,1,0,0,1,0,1,2,0,3,3
"1773",1,5,1,2,5,2,0,2,2,7,5
"1774",1,0,1,1,0,0,0,0,2,0,-2
"1775",0,1,0,0,2,0,1,4,0,5,5
"1776",0,1,0,0,2,0,2,2,0,6,6
"1777",0,2,0,0,3,0,1,3,0,7,7
"1778",0,0,0,0,0,0,0,0,1,0,-1
"1779",1,0,1,1,0,1,0,0,1,0,-1
"1780",0,2,0,0,2,1,3,4,1,4,3
"1781",0,2,0,0,3,0,1,2,0,5,5
"1782",0,1,0,0,1,0,1,1,0,2,2
"1783",1,2,1,1,1,2,1,3,2,3,1
"1784",1,1,1,1,1,1,2,2,1,2,1
"1785",0,1,0,0,4,0,1,3,0,6,6
"1786",0,1,0,0,1,0,0,2,0,5,5
"1787",0,0,0,0,0,0,0,1,0,0,0
"1788",0,0,0,0,0,0,0,0,0,1,1
"1789",0,0,0,0,1,0,0,1,0,1,1
"1790",0,1,0,0,1,0,1,1,0,3,3
"1791",1,0,1,0,0,0,0,1,1,1,0
"1792",0,1,1,0,1,0,0,4,2,6,4
"1793",0,2,0,1,2,0,1,1,0,3,3
"1794",0,0,0,0,0,0,0,3,0,5,5
"1795",0,0,0,0,0,0,0,0,0,2,2
"1796",0,0,0,0,0,0,0,2,0,4,4
"1797",0,1,0,0,1,0,1,1,1,2,1
"1798",0,0,0,0,0,0,0,0,0,1,1
"1799",1,3,0,1,0,1,1,1,1,0,-1
"1800",0,1,0,0,1,0,1,1,0,2,2
"1801",0,1,0,0,0,1,0,0,0,1,1
"1802",0,0,1,0,0,0,0,0,1,1,0
"1803",0,0,0,0,0,0,0,1,0,5,5
"1804",0,0,0,0,0,0,0,1,0,0,0
"1805",0,0,0,0,0,1,0,0,1,0,-1
"1806",0,3,0,0,2,0,1,2,0,4,4
"1807",0,2,0,0,2,0,1,2,0,2,2
"1808",0,0,0,0,0,0,0,1,0,2,2
"1809",0,0,0,0,0,0,0,0,0,0,0
"1810",1,0,1,1,0,1,0,1,1,2,1
"1811",0,1,0,0,2,0,0,1,0,4,4
"1812",0,0,0,0,1,0,0,1,0,2,2
"1813",0,1,0,0,1,0,0,1,0,1,1
"1814",0,0,0,0,0,0,0,0,0,0,0
"1815",0,1,0,0,1,0,0,1,0,2,2
"1816",0,0,1,0,0,0,0,0,1,0,-1
"1817",0,1,0,1,2,0,1,3,0,4,4
"1818",0,5,0,1,6,0,1,4,0,6,6
"1819",1,0,0,0,0,0,0,0,0,0,0
"1820",0,1,1,0,0,0,0,0,1,0,-1
"1821",0,1,0,0,2,0,1,2,0,3,3
"1822",0,1,0,0,1,0,0,3,0,4,4
"1823",0,1,0,1,1,0,0,0,0,1,1
"1824",0,0,0,0,1,0,1,1,0,2,2
"1825",0,2,0,0,2,0,1,2,0,2,2
"1826",0,2,0,0,2,0,1,2,0,2,2
"1827",0,0,0,0,0,0,0,0,0,1,1
"1828",0,1,0,0,1,1,0,1,0,2,2
"1829",0,1,0,0,2,1,3,3,1,2,1
"1830",0,0,0,0,0,0,0,0,0,1,1
"1831",0,1,0,0,1,0,0,1,0,2,2
"1832",0,0,0,0,0,1,0,0,2,1,-1
"1833",0,1,0,0,1,0,2,1,0,4,4
"1834",0,1,0,0,0,0,0,1,0,2,2
"1835",0,1,0,0,1,0,1,1,0,1,1
"1836",0,0,0,0,0,0,0,0,0,1,1
"1837",0,0,0,0,0,0,0,0,0,0,0
"1838",0,0,0,0,0,0,0,0,0,1,1
"1839",1,2,1,1,2,0,1,2,0,3,3
"1840",1,1,0,0,1,0,1,1,1,2,1
"1841",1,1,1,0,1,0,1,1,2,1,-1
"1842",0,2,0,0,2,0,2,1,0,3,3
"1843",0,1,0,0,3,0,1,3,0,5,5
"1844",0,5,0,0,4,1,2,4,2,5,3
"1845",2,3,0,2,2,1,0,2,2,2,0
"1846",0,1,0,0,0,0,1,4,0,5,5
"1847",0,1,0,0,1,1,0,0,0,2,2
"1848",0,0,0,0,1,0,0,1,0,3,3
"1849",0,0,0,0,0,0,0,0,0,0,0
"1850",0,1,0,0,2,0,1,2,0,2,2
"1851",0,0,0,0,1,0,0,0,0,1,1
"1852",0,1,0,0,1,1,1,1,1,1,0
"1853",0,6,0,0,5,0,2,5,1,7,6
"1854",0,1,0,0,1,0,1,1,0,1,1
"1855",1,1,1,0,0,0,0,0,1,0,-1
"1856",0,0,0,0,0,0,0,0,0,0,0
"1857",0,0,0,0,0,0,0,0,0,1,1
"1858",0,0,0,0,0,1,0,1,0,1,1
